walking_violation,unsafe_movement_score,improper_tool_usage,phone_usage_freq,distraction_score,work_speed,task_sequence_error,risk_trend,past_incidents,human_risk_label,machine_id
6,0.8910200168562029,4,6,0.7895540893421115,0.71,5,0.3539866827782654,0,81,1
8,0.7004239300931883,4,17,0.0144629245946891,0.83,5,0.9686174936233936,6,100,2
1,0.550167333959432,0,18,0.3532379920881926,1.03,3,0.5676155998900245,7,88,3
8,0.1194945508205047,1,6,0.8928281829245381,0.72,5,0.1762009482655272,7,86,4
0,0.7710021318597784,4,18,0.3985514862797403,1.14,1,0.1580304957781442,0,93,5
9,0.908035752856006,5,5,0.3050761861355475,1.15,2,0.0293060842392329,2,89,6
8,0.2059914479976865,3,17,0.9788791035222564,1.07,0,0.5837507932194772,7,100,7
2,0.1845850445102401,4,0,0.3847081054892953,0.79,5,0.8274700385023095,5,88,8
2,0.7312099753051032,5,9,0.5342630683779067,1.02,0,0.1262955297879523,0,50,9
6,0.4475794045991178,1,11,0.2353496558685882,1.17,1,0.7791891985747103,5,93,10
9,0.5174993049333646,3,6,0.2730107346256964,0.85,1,0.8123378055556111,2,87,11
2,0.7502707628739084,5,12,0.9460118972718758,1.18,1,0.7261105836145973,1,98,12
8,0.3459765868322019,3,20,0.7979092134740704,1.27,3,0.4069765055646289,8,90,13
2,0.7827435261608442,3,12,0.9384826360391308,1.06,4,0.6460487322906524,8,92,14
5,0.1576709629041666,4,15,0.530196777833324,0.99,5,0.1646058558412986,4,81,15
8,0.0140255318207843,1,8,0.435854174272033,1.28,3,0.7098210269672729,0,50,16
4,0.1997371929840871,3,13,0.7401559596944653,1.14,3,0.562727183640354,4,91,17
1,0.4717288595328348,2,2,0.5967592920023871,1.09,0,0.7101795612338283,10,96,18
10,0.6235646355664043,0,18,0.2362695575283626,0.9,2,0.2570981306688754,10,97,19
8,0.0416789974537707,4,16,0.9533815100637812,0.73,1,0.6449368331321246,10,95,20
10,0.7753368825475169,5,19,0.8788071031579529,0.98,4,0.6083528454414265,10,100,21
5,0.8342090482357889,3,14,0.2991521748952043,1.03,0,0.1505186544950071,5,88,22
8,0.1673784553085532,2,20,0.4981515110433538,1.05,5,0.0532808639122845,6,80,23
3,0.2070560268390685,4,3,0.1738834921204871,1.04,5,0.5564284472446931,10,87,1
3,0.6524245377846959,2,13,0.5859012923727925,0.81,0,0.8065191195734298,1,85,2
6,0.0795946204098272,0,6,0.1072638062692681,0.87,5,0.7610706861659451,1,50,3
7,0.5338196258009837,5,5,0.3375779787424362,0.8,3,0.0175136708848349,7,94,4
5,0.097810011593766,5,4,0.7486467194604683,1.11,4,0.9546093636892998,3,82,5
5,0.190570613809717,1,5,0.1982320365932215,1.08,1,0.1093910934882409,1,20,6
1,0.555147010357563,2,13,0.0160731974688111,1.18,3,0.5410497864301379,1,99,7
1,0.6740363804382095,3,0,0.3426956187556927,1.01,0,0.3877835836969449,8,50,8
3,0.6836647909355674,1,6,0.3473220478793022,1.17,5,0.7314630996697985,10,95,9
8,0.4797915223198929,0,3,0.9419564530352303,0.99,5,0.3876352282196245,7,97,10
4,0.9473554915130172,3,12,0.0040880575385161,1.16,2,0.6274385282097943,10,94,11
1,0.9410774294015712,5,12,0.3694820065312182,1.16,0,0.3838467831055523,2,97,12
8,0.7750558343486611,2,10,0.5816859425551167,0.73,2,0.2626636350653442,0,80,13
2,0.0324904164657493,5,0,0.704184432148736,1.12,1,0.4082985178237873,9,98,14
5,0.9685570328533885,1,2,0.9650919027049352,1.1,3,0.4025822672716855,6,93,15
5,0.2149452256414523,5,6,0.5155270089120431,0.7,4,0.6514409685642284,10,85,16
10,0.9525582806150504,3,11,0.8222461208942707,1.07,1,0.9792823974287708,3,85,17
9,0.1265619902593707,1,19,0.0090507098688106,0.92,5,0.4324093367980528,6,86,18
1,0.4467803415010617,2,10,0.9029742039440692,1.2,0,0.6957667717421568,9,94,19
0,0.0864517926989177,5,6,0.9937415786707172,1.14,4,0.3982651702914915,10,96,20
2,0.8887021267024142,0,0,0.5992410458548159,0.81,3,0.4486720440909276,10,82,21
8,0.4761977187244295,3,9,0.6510714322216593,1.25,3,0.9393844234929176,5,98,22
9,0.5317741314164437,5,5,0.8151436201503036,0.91,5,0.8678963934968325,3,86,23
9,0.2858484014848518,0,11,0.4247572654827979,0.87,3,0.7503472075787909,3,82,1
6,0.5415188364487062,5,11,0.2202324370286221,1.15,2,0.1575695342273697,2,81,2
9,0.3349272660720274,1,12,0.4963357692006026,0.74,2,0.0105373996818368,2,99,3
10,0.8311242219362774,5,1,0.6127564347147398,1.27,4,0.1890338172814992,10,91,4
2,0.4825675090495919,4,2,0.9947944070275824,0.82,5,0.6052514407825215,7,87,5
9,0.6393634007494144,1,14,0.8521348526671444,1.17,4,0.3759201494797111,2,88,6
6,0.7715266214159775,2,14,0.6110994499429,0.98,3,0.3907020376585459,1,99,7
4,0.1428832466149168,1,15,0.97303890926095,0.97,0,0.1119774420356918,1,50,8
2,0.0553379013724772,4,3,0.9834560478588862,0.93,0,0.4199709732776795,9,92,9
1,0.6751781428328172,0,4,0.4493355661447598,1.03,1,0.0037961564314534,9,50,10
4,0.4629740980503255,4,10,0.8723877568017796,1.23,0,0.4000722015789255,10,80,11
0,0.0072780463509763,1,19,0.7139317155086822,0.93,2,0.317197511028206,6,94,12
8,0.9771970598981872,5,2,0.4539782853761832,0.97,5,0.9780042759849152,9,98,13
7,0.1309650070478412,3,5,0.3644042868450737,1.02,3,0.1910811732428677,4,83,14
0,0.0859730397092676,4,7,0.1936831234814106,0.74,1,0.2130702578889296,4,50,15
6,0.1811061085501895,0,17,0.7435339114873964,0.83,2,0.1058100326046014,1,50,16
9,0.3902375005266798,2,3,0.0465745339994263,0.98,1,0.2192141235993923,9,100,17
0,0.3187612267647033,3,19,0.6115745787401029,1.24,2,0.3231863579335582,10,98,18
3,0.107207876133227,4,19,0.4325771081053681,1.04,1,0.8461869149468321,8,83,19
10,0.9167032588480952,4,13,0.730862937514768,1.01,5,0.9836553012810474,1,80,20
7,0.2924333512830789,0,4,0.4559107229792963,0.98,4,0.6217480110757453,6,88,21
8,0.2931638202195956,3,13,0.252587846862084,0.95,1,0.005293154257568,7,92,22
4,0.6525381759488915,0,9,0.9141734283789436,0.91,0,0.9078737251807082,5,100,23
2,0.612010643416756,2,5,0.0589153713740919,0.84,2,0.4405267791187099,3,50,1
6,0.6930940418563095,5,7,0.5606278187753678,0.94,3,0.8012708734618869,7,84,2
5,0.6645281405775062,1,9,0.6644461659001937,1.21,2,0.9304083126046104,4,89,3
0,0.9070111868278976,4,16,0.6954811773905352,1.24,2,0.9092866200852197,10,90,4
4,0.9103356463206108,2,9,0.115714736145462,0.92,4,0.9708336503369812,0,81,5
6,0.2415927329106963,0,4,0.8834333132591897,1.25,3,0.0833399899445551,8,100,6
8,0.6324656380643185,4,14,0.1019224296897512,0.78,2,0.1380665537800037,4,100,7
9,0.7996181215360897,1,20,0.6810727813270646,0.99,4,0.0634859436783115,9,83,8
7,0.0202184321533231,5,7,0.2652121745000659,1.19,3,0.9148754205789602,8,94,9
10,0.1805052842801831,0,15,0.2823752066803514,1.19,4,0.892914908778734,10,85,10
3,0.9765281319058232,4,20,0.9937627851886278,1.04,5,0.4925856199986256,1,89,11
10,0.5506261782388491,0,0,0.2381210588373327,1.12,0,0.0047036574918846,0,20,12
5,0.8793933278816906,4,1,0.8918275513722693,1.1,2,0.0614811406996305,2,83,13
10,0.91894012994916,5,15,0.7207375305849832,0.84,5,0.6304395940252124,8,98,14
1,0.0770296093574303,4,6,0.0510705745009019,1.14,2,0.9798535725475432,10,87,15
3,0.9059647481514954,5,14,0.9389224854715024,1.05,0,0.2696770317455448,10,81,16
0,0.8726358231608677,2,5,0.9017698453885024,1.02,1,0.9084438937774464,4,83,17
8,0.0375370606778879,0,6,0.6133957538876287,0.83,2,0.4686629479124464,8,89,18
3,0.1470689061733056,3,15,0.5453715453477672,1.07,2,0.6608363552727672,2,93,19
0,0.0206274293322977,5,8,0.1968155316852569,1.2,5,0.0264325266622182,7,99,20
0,0.8668439555976126,2,1,0.2266854423988755,0.95,0,0.4349781259975982,10,80,21
6,0.4945845818809861,3,4,0.5564480332749951,1.12,1,0.6390696979241886,4,98,22
0,0.7850744178800837,2,12,0.3141878747316335,1.12,4,0.3669281789159189,6,97,23
6,0.4428501551096031,2,3,0.1130946302937675,0.92,3,0.2948341652127807,9,96,1
6,0.2508906622708292,2,0,0.6002712135949242,0.97,5,0.9344969860949374,0,94,2
9,0.5024903150407695,4,0,0.8652361045749822,1.23,1,0.6485764272993444,1,86,3
3,0.780189036645663,1,13,0.069976461031246,0.76,2,0.0736489656753023,6,92,4
5,0.969490056415558,2,12,0.1706839932258469,0.89,2,0.3206087883635419,2,94,5
7,0.5114620673352994,0,0,0.7793201510373128,0.8,1,0.542885125523056,5,50,6
10,0.6282465581315108,0,0,0.4282542070162327,1.01,4,0.1013355382298795,8,84,7
9,0.5559347935610716,3,12,0.2918890622097163,1.15,3,0.4634891165506355,6,97,8
1,0.0110439163663313,4,10,0.4060146954744635,0.8,5,0.0332015628001994,7,86,9
10,0.5882263679043452,1,3,0.791037959282111,1.25,1,0.471320510454593,9,80,10
1,0.071004285897248,1,16,0.4090112790723665,1.24,5,0.6480553553663898,6,95,11
5,0.0764211008815148,5,8,0.093471276275536,1.12,1,0.7352983856095198,9,90,12
5,0.2045877072972671,4,20,0.905419015538179,0.98,1,0.9707341352814386,4,92,13
1,0.5751958134032518,0,13,0.7615235633248721,0.78,4,0.7330997803989769,2,86,14
7,0.5236598245185554,2,16,0.8129162347965179,0.78,0,0.8923705858996003,4,90,15
0,0.6335418147535494,5,17,0.7069353698081505,1.14,4,0.7103929506097543,2,84,16
8,0.2748828700708668,3,2,0.4291815001455743,1.04,4,0.7104626722611356,10,80,17
9,0.6960715128753016,3,6,0.929487104118534,1.2,1,0.7482874373759258,3,90,18
6,0.2266198691607606,1,9,0.988310279847262,0.75,1,0.6382395233717699,2,81,19
0,0.4881868173521755,2,5,0.8259647637654226,1.09,4,0.0407571806153855,8,91,20
10,0.6827145681973195,5,8,0.5229029465637132,1.01,4,0.6475058020646326,4,88,21
7,0.1578103833702372,5,9,0.5262588092862178,1.15,5,0.6367605252706807,4,87,22
5,0.4516202323350677,0,6,0.1668871782535433,1.29,0,0.593519736274372,7,50,23
3,0.7674994796534639,2,1,0.6922462334730647,1.14,0,0.0129260949460116,3,50,1
5,0.3892398723734088,2,11,0.68084163404875,1.1,4,0.9689903968279588,2,81,2
4,0.0757988197308963,3,13,0.0533709967562121,1.16,3,0.0339610558826355,8,97,3
9,0.0851423498994453,5,16,0.6883178276282189,1.29,4,0.0573618258649289,6,82,4
4,0.4004207907173495,4,15,0.7018166794190842,0.8,3,0.2016691741022043,0,99,5
4,0.2860528710688046,5,10,0.872052309243218,1.02,0,0.2002005099237661,10,85,6
8,0.5109252126146815,2,0,0.9027610363720052,0.99,2,0.9173223605396368,1,84,7
5,0.5927232497567435,1,17,0.5965318204747652,1.23,0,0.8577844509550697,7,87,8
6,0.3226799234843488,1,9,0.0574633167582334,0.77,2,0.3116304741469726,0,50,9
6,0.70424997692481,5,7,0.3704295764250462,1.24,2,0.4370434374462942,6,100,10
1,0.3870832906266944,2,15,0.3327656773289748,0.78,1,0.887094745056394,1,80,11
4,0.1262945229062183,0,7,0.4285820719601353,1.28,5,0.7485812863635136,0,50,12
8,0.7988329638015329,5,13,0.9369807931981188,1.19,4,0.2760830923348463,8,93,13
2,0.717733852680425,2,5,0.6395113341860895,1.18,5,0.9723052735778536,4,94,14
10,0.4224255457161043,1,5,0.3664036157897792,1.25,3,0.5579701062486486,3,93,15
9,0.4022179346922594,1,5,0.9101606030849868,1.26,3,0.3612004241516691,6,99,16
3,0.1280006669115567,0,18,0.9408987007134456,0.97,3,0.3950652658662416,7,96,17
9,0.1889297658086546,5,13,0.5046325307519564,0.88,2,0.3957060639917541,1,90,18
3,0.0469741189866225,2,7,0.9025935340865584,1.22,5,0.5133316140050113,0,81,19
5,0.6643169605111444,0,4,0.2211245940449397,0.78,5,0.954676859209127,8,87,20
10,0.9268060811625194,3,3,0.7029282414742759,0.89,3,0.8248732009166523,7,80,21
8,0.69676330905433,4,14,0.8003780350387212,0.97,5,0.0533036615539578,5,87,22
0,0.1550911031879677,2,7,0.5529145321925363,0.95,5,0.3926295729691199,9,84,23
5,0.8390704877504935,2,20,0.2093433453873462,1.3,3,0.9530171400056476,5,84,1
2,0.1569984378974046,5,1,0.7290334219932497,0.79,5,0.6783894080243201,5,89,2
9,0.700434836481422,3,0,0.6145221138358052,1.13,2,0.0828346610125968,2,89,3
9,0.3154768933530554,5,20,0.9312413077577688,0.78,0,0.9611596902849606,4,88,4
9,0.6063337592307431,1,18,0.5809942487992285,1.24,1,0.7281871582891203,9,98,5
3,0.433276926732706,2,18,0.9166504684948672,0.88,3,0.0332132433787584,5,98,6
6,0.4370604015704691,5,8,0.4917040998899448,1.08,0,0.6352953104526933,2,100,7
0,0.5084616188829343,3,12,0.1750248531321869,0.72,2,0.5491992717280162,1,50,8
3,0.1321402733228935,4,0,0.469758339109913,1.16,5,0.0507494956609204,10,89,9
5,0.0653116356063779,1,6,0.6101442340721059,0.76,3,0.420332411325781,6,91,10
0,0.109900453508181,2,15,0.3123960416743814,0.96,2,0.1373930082022978,1,50,11
6,0.4841992040526457,5,2,0.8506442604545053,1.14,4,0.7786517269382506,0,88,12
5,0.3744427805175212,2,3,0.5302432263733029,0.88,4,0.9192112445066694,4,93,13
4,0.5035955465457105,3,5,0.6958716755430386,1.19,4,0.8082996184629476,10,98,14
7,0.7630942595359003,0,10,0.2523144708394217,0.76,1,0.2087069967956638,7,93,15
0,0.122318499896881,2,10,0.7837429238641631,1.24,5,0.5749291693330345,0,81,16
0,0.7645087218926662,4,6,0.6017017835396536,1.18,4,0.4325208746450948,10,84,17
6,0.573704639546523,0,19,0.9705981711596756,0.95,2,0.4968080563727448,6,89,18
4,0.2005794452827684,2,9,0.483303178671754,0.92,4,0.7221377188320881,9,91,19
4,0.7818201549917964,2,13,0.3833465847408548,1.12,3,0.1171759535279406,1,98,20
0,0.9900101835166528,5,11,0.7652550346940409,0.91,4,0.2943992345686292,8,99,21
9,0.2423439173927286,5,11,0.375632508137973,0.77,5,0.7046414047207394,10,86,22
0,0.2757285684557755,0,0,0.921224982641528,1.15,2,0.0601073193017308,2,20,23
5,0.552437755694081,2,0,0.2058025214354729,0.89,3,0.4726312143554457,9,90,1
10,0.6749874809964552,0,8,0.8710670790748746,1.01,0,0.8388651810897143,5,83,2
6,0.2039422255533696,2,19,0.6603466645820067,1.16,2,0.7070683672548654,2,94,3
9,0.5495830745899711,2,7,0.0338608690954548,1.07,5,0.3877301743976056,3,95,4
5,0.7382786890061754,5,7,0.6486037181244246,1.12,0,0.6774235749633392,0,86,5
3,0.8752624843077969,4,3,0.7784985407329316,0.79,4,0.8679885059716376,4,87,6
0,0.3853025388714318,4,4,0.2659345384144678,0.97,2,0.6140869552286813,1,50,7
5,0.7246949052484433,3,20,0.7844475991952838,1.13,0,0.3407951588101517,6,93,8
9,0.093425102315455,5,20,0.8292783686519464,1.11,5,0.1132412130222828,5,99,9
8,0.3047762115059362,1,13,0.2168478069190653,0.87,5,0.0518329718423615,7,98,10
6,0.4100238734971606,3,3,0.5621631547573003,1.03,2,0.5349153487302578,7,96,11
5,0.1426708716291892,3,1,0.3502531896203843,1.24,5,0.9891566384962012,2,96,12
3,0.7305338810561245,3,7,0.0385653441607907,0.92,1,0.2813044035747497,1,50,13
3,0.4315468638677388,0,12,0.4415109955837426,0.83,2,0.0613406566071054,2,50,14
1,0.5010537701558921,0,12,0.1610963666865208,1.06,3,0.5797075961646992,1,50,15
10,0.180285938353909,1,16,0.2995771617539773,1.24,3,0.5094743814572767,8,84,16
9,0.5539393950002366,4,9,0.2289776761344504,1.29,3,0.5840385696890935,10,99,17
6,0.7285522158109057,5,3,0.4729057644044976,1.2,1,0.2769195361253721,8,88,18
9,0.6489609970679676,2,8,0.6364647595694192,0.75,2,0.656400690478563,8,82,19
4,0.5646227703370118,3,12,0.5590481892391326,1.27,1,0.5531052875996965,7,96,20
0,0.9167768040827304,2,16,0.5494551078986178,0.88,2,0.4384877324481425,8,92,21
5,0.0970457177132891,0,18,0.4401529424505198,1.04,4,0.7623548375312111,2,84,22
0,0.1509634595927099,0,19,0.4143022650606119,1.01,5,0.3664540819693898,8,90,23
1,0.9194914891340292,4,8,0.8719762361214335,0.94,5,0.0133601648835434,10,84,1
9,0.2814194363328214,2,3,0.8744464876820076,0.97,4,0.0610903955542881,2,88,2
2,0.1714339146736184,0,13,0.547548013820955,0.76,3,0.9229983786664924,3,91,3
6,0.2562833129795832,5,13,0.1736258320689522,0.73,3,0.4249726127031791,1,90,4
2,0.9846068347993026,4,15,0.8533822405854133,1.18,4,0.8573710448179261,8,88,5
10,0.4868724245885368,0,15,0.3282268706993421,1.24,4,0.4143456741088187,2,100,6
9,0.6398759448896464,2,1,0.7089656185562903,0.86,5,0.8033566100063424,8,84,7
3,0.5784395607434055,5,13,0.3045501883119251,0.79,1,0.6720642590114342,5,81,8
3,0.1228409680235822,4,6,0.215518227101041,1.17,3,0.057065061024068,0,50,9
7,0.247848533767433,5,19,0.9288094346718226,1.0,1,0.0011424039799029,6,90,10
6,0.3910453975721728,3,16,0.09152423738764,1.22,5,0.1141258405561187,4,94,11
3,0.9003680038342147,3,16,0.0187075048158379,1.05,2,0.3176632587309678,10,96,12
1,0.359273138856106,3,6,0.7016877564754649,1.25,3,0.5786233453330697,2,98,13
1,0.2115713243631165,3,10,0.9188553497641334,0.97,5,0.4557392076967091,10,100,14
0,0.4422823862462833,4,15,0.670078863979896,0.95,1,0.7141536417705352,3,94,15
0,0.4829142593450964,5,5,0.7339304762124621,1.28,3,0.4535324473916992,10,80,16
1,0.9119206525684274,3,9,0.806022518938913,0.73,1,0.4921703559693369,0,99,17
8,0.9793565193673456,5,6,0.7843762781421848,1.11,4,0.2003459193173608,6,94,18
10,0.1685078320726136,1,2,0.0471493368476773,0.97,5,0.2701543865346981,3,88,19
3,0.6033131652288125,3,18,0.5158335191212353,0.99,0,0.8501139438097125,9,83,20
1,0.3726483534345887,4,1,0.3845091789257935,0.89,0,0.9300351627934952,4,50,21
10,0.856784246536611,0,0,0.9276035830187858,1.07,3,0.6497547165056404,6,89,22
5,0.6525220567066161,5,5,0.5905019080155774,0.96,5,0.1898214536218192,1,89,23
4,0.3097104549819612,4,2,0.8184108680248813,0.78,0,0.1888794453517877,0,50,1
0,0.9982071067059208,0,17,0.0819686114961221,1.17,5,0.1376054395251496,10,92,2
0,0.125477584118966,0,1,0.9506454836833738,1.25,4,0.4953352184079993,6,50,3
0,0.3488077291060121,0,1,0.9952354446883036,0.82,1,0.6840804989147273,3,50,4
3,0.1757868525384271,0,7,0.1001375673948546,0.89,4,0.7743782824016214,2,50,5
1,0.2838797004342274,2,16,0.5984751157751642,0.98,5,0.7234861978938997,2,81,6
7,0.198528711603648,1,7,0.0174136991739493,0.86,1,0.3514881430852768,2,50,7
5,0.3003609806755172,4,4,0.2484716480224091,0.91,4,0.9913292664169716,2,84,8
8,0.5183546292767048,1,9,0.9149631361928116,0.92,4,0.1555149598613768,5,93,9
6,0.6169799818920872,4,12,0.2311677911708026,0.97,1,0.5735302572573967,6,85,10
0,0.7104576523872512,2,20,0.5776626933272786,1.07,1,0.4845179436741639,3,98,11
0,0.652803399636273,2,19,0.2255000659977246,0.88,0,0.2227089570281696,7,90,12
10,0.2748879322718137,5,5,0.2680530174051954,0.75,1,0.3246884870609208,10,92,13
9,0.7548160685898802,4,7,0.8101044501339153,1.24,5,0.7729613380803096,3,98,14
5,0.502424550388881,0,11,0.5528952661221993,0.74,1,0.5393655315505633,10,99,15
1,0.5638149759172292,3,2,0.1182201007904221,0.87,5,0.379614377428614,3,81,16
9,0.8740817233706717,2,17,0.3765007875067048,0.94,5,0.5463795667442709,10,100,17
5,0.0387868939865889,3,17,0.922893761975294,0.91,2,0.5426657608538968,3,98,18
10,0.5816584667216254,1,11,0.7727680045444434,1.03,1,0.3722231093752317,9,91,19
4,0.7044945723771817,2,9,0.1942235298869011,0.89,4,0.5769483047383197,10,85,20
5,0.9566991907122968,2,3,0.6015528085721283,1.11,2,0.0738168038667763,1,50,21
4,0.7966290825645517,3,17,0.461447915600235,0.76,2,0.9635562319021078,1,85,22
5,0.4973862936205115,5,9,0.013203643453014,0.94,2,0.125949742461629,7,92,23
0,0.966040952957944,2,9,0.9415946194287956,0.77,0,0.0641639313769004,6,100,1
8,0.7580405427783358,0,14,0.6857709879363921,0.85,2,0.9647917555503296,1,92,2
8,0.9830094669617262,1,14,0.8432854454551652,0.91,1,0.4478333678743701,5,89,3
5,0.9127959336088266,2,13,0.2439692665668802,1.1,0,0.3633643480393878,1,89,4
6,0.3961202593833666,3,0,0.5541242169021944,1.18,1,0.54039497412885,4,100,5
6,0.4982467299201771,2,1,0.2880903029843884,0.92,4,0.9765793471283692,0,80,6
9,0.0865470771259868,2,7,0.911459050408682,0.85,4,0.1515481067143124,0,98,7
10,0.7859195355397505,2,12,0.3845936911755252,0.73,1,0.2155328696069333,2,90,8
2,0.2358076957272494,3,8,0.3539754828498918,0.95,2,0.347267635193043,2,50,9
6,0.8382729976435906,3,7,0.3585360012669483,1.29,1,0.1040375326928052,10,84,10
10,0.0429645111332482,4,12,0.6650774114108065,1.08,4,0.661367392453648,1,98,11
6,0.2608843962488338,5,5,0.5228486598446017,1.1,2,0.8253121600116603,5,97,12
4,0.5356134296911697,2,18,0.6307339784203568,1.07,0,0.0279647635953981,1,50,13
6,0.7238218142948615,0,2,0.6131502272162985,1.13,3,0.1985483285494091,7,92,14
3,0.2573450907863176,2,4,0.9378655013657774,1.25,2,0.1152974259550092,2,50,15
3,0.6564346026713308,2,5,0.3138330448763212,0.94,1,0.6308590501567406,6,95,16
5,0.7921707099569352,3,6,0.7115539505406079,0.89,4,0.3544617616557738,1,97,17
10,0.8752043197950191,0,10,0.0425328039207306,1.27,3,0.7396178273260279,6,88,18
2,0.9077216457229044,4,2,0.069919715364764,1.16,5,0.3956869773671236,7,83,19
5,0.2484783209246518,5,2,0.1508219100134019,1.0,0,0.7571996926152216,2,50,20
6,0.585256894489237,0,19,0.5345901828207535,0.84,2,0.0663562151440437,2,89,21
5,0.5819436237508825,4,7,0.4046728372260463,0.9,3,0.63991257105915,6,92,22
8,0.6698058053922655,2,12,0.3840726831925908,0.89,1,0.0496534928334378,8,84,23
3,0.5296858374009717,2,5,0.7083379753910845,0.94,3,0.0675940296641753,2,50,1
5,0.4183486670214662,5,6,0.7689028969464865,1.05,4,0.3039135710973809,4,82,2
10,0.2510061165792125,3,11,0.4097522010768558,0.98,3,0.5662330677476143,3,85,3
2,0.4308160142644111,4,3,0.835130509614655,1.27,3,0.7472430519394669,7,94,4
7,0.1873787321636724,3,4,0.0265539293255645,0.92,0,0.2556051382856403,4,50,5
7,0.4233632004218245,3,9,0.6738664527361514,0.87,3,0.7812340198409248,1,93,6
0,0.3678206645225877,1,4,0.0239331661112081,1.06,3,0.1377499357425331,4,50,7
5,0.2766500745524237,2,15,0.0201715846104046,1.08,0,0.8454749400885601,7,97,8
1,0.4104948837721297,3,20,0.2363491317106116,1.15,5,0.3356536616232382,3,97,9
7,0.8407364108324883,5,9,0.6751467545482256,0.94,5,0.9151384974904558,3,100,10
10,0.897757426602556,4,3,0.6081905734127987,0.99,4,0.5586810260977465,8,80,11
10,0.156076234560521,3,2,0.0130788468031264,0.84,1,0.871183213879783,5,88,12
2,0.6055009062182367,2,12,0.1778233672210308,0.95,5,0.0746087413826409,10,91,13
8,0.0597785749635531,2,3,0.7573332309179795,1.02,2,0.3205060216436423,8,89,14
5,0.7866423789251973,2,0,0.0432213298801082,0.99,4,0.221429314943076,9,91,15
2,0.0768684427090439,2,17,0.3879526357793575,1.29,3,0.5104153225356637,2,99,16
1,0.0284835962388713,4,7,0.67289512815423,0.91,2,0.5434392679375084,8,89,17
9,0.0575632894595188,2,10,0.1195373471093766,1.16,3,0.1940744073112726,3,90,18
5,0.2642193766252996,3,7,0.7304353914041143,0.98,5,0.1349286569389364,6,85,19
6,0.5284102898296849,0,7,0.5865606743416856,1.28,4,0.4413864751376504,3,88,20
5,0.7473455255621798,4,7,0.8261927570932236,0.97,3,0.6021518713568569,0,98,21
9,0.1127821427852348,2,2,0.4593630747180074,1.1,0,0.5698201529183147,5,50,22
2,0.7430642711797583,4,1,0.1798769601879308,1.23,3,0.9306274730487948,4,94,23
6,0.0023486438738796,5,17,0.537482716897151,1.11,2,0.1316168438219968,5,92,1
4,0.1316073260479057,3,0,0.1445008252959592,0.94,3,0.7250209201782573,6,97,2
7,0.3010145090781546,5,11,0.8212477566138129,1.26,3,0.6031842450581139,0,82,3
1,0.8127761915070283,0,19,0.5216895632365491,0.78,2,0.3323018082299445,3,92,4
9,0.7729109634365515,3,20,0.3018219034625594,1.2,4,0.1347615278407079,7,81,5
0,0.25472179570536,2,1,0.3002817514794064,1.06,0,0.5605846911354373,7,50,6
8,0.4078385360819303,3,19,0.8656313901926314,1.01,4,0.8506331807524916,8,91,7
6,0.2675501061257641,5,2,0.4489340717267457,1.02,1,0.5679057486487896,4,81,8
1,0.6763066996821786,1,13,0.5258466206023583,0.86,2,0.3895949277932616,2,89,9
4,0.4249498379993618,1,17,0.3655286010113896,1.13,3,0.5090797664242511,3,84,10
1,0.3359843262293439,0,6,0.8164890020406674,1.13,2,0.9119364353172266,7,100,11
6,0.8572808392631578,1,1,0.7287204656624063,0.76,5,0.7325967788209362,0,87,12
0,0.5758642167633731,1,3,0.1008422796033307,0.87,1,0.7419791643031697,2,50,13
9,0.5705256353415706,1,10,0.6877634545511333,0.75,1,0.9650185553449994,8,81,14
9,0.3509676113430114,3,6,0.4826085845939947,1.21,5,0.4886344055716682,6,83,15
10,0.7083026089867884,2,7,0.9856738302838228,0.9,4,0.9642327746131704,7,81,16
1,0.6972922507071684,4,16,0.3128239315458457,1.2,0,0.0192664798513313,7,96,17
8,0.6435798098260431,3,16,0.627423026057865,0.8,0,0.0352952242387085,10,85,18
9,0.734523672590831,5,2,0.5681805060338309,0.72,5,0.2636719491701874,2,82,19
6,0.867198135707001,3,14,0.5548886264083402,1.16,3,0.05755027737502,8,84,20
10,0.9425807853940722,3,14,0.1460232650854775,0.72,2,0.6644537461648684,2,97,21
8,0.9662213686216042,1,0,0.5337277016186116,1.01,2,0.0006967542401972,9,88,22
6,0.1571778362286946,5,2,0.7881137454781836,1.07,2,0.1869366290160015,9,95,23
3,0.0885507179222606,4,4,0.3797644142438935,0.85,1,0.7816253629930464,5,100,1
6,0.0011096060644761,0,17,0.182437516855354,0.89,4,0.8238170461657754,3,96,2
5,0.5816175845926349,4,9,0.8548192552527392,1.24,5,0.4949405606990313,3,88,3
0,0.8506321952142784,1,7,0.7407174601364883,0.72,4,0.5922168795304229,3,93,4
4,0.2709512662908108,2,16,0.7223110627289504,0.94,3,0.8514366160573096,0,89,5
4,0.6959814185809887,2,13,0.1791185926561129,1.26,4,0.4719133957012306,1,98,6
6,0.0623571937141187,4,3,0.897431293616422,1.03,4,0.3672427398554925,0,85,7
10,0.1727000895287367,5,1,0.0909772748268306,0.71,1,0.2983007002156479,4,93,8
9,0.2809745439368248,0,3,0.7343175483568459,0.82,5,0.1390026974969324,3,82,9
10,0.2905736005131144,0,18,0.5043157696230373,1.12,1,0.3055344180741152,3,84,10
2,0.6047609245247121,0,20,0.8492168070971108,1.19,4,0.3416429607103066,10,89,11
1,0.5173364499821884,2,8,0.3690222948550549,1.04,1,0.7668705952518212,7,83,12
5,0.4901545788022481,2,18,0.1746720673757692,1.03,3,0.7943172597938721,1,99,13
0,0.5046753127327052,2,4,0.6450001970936383,1.17,0,0.0388145663867777,6,50,14
4,0.2042609058353236,2,12,0.8943363205462561,0.95,3,0.8795214521244137,9,95,15
9,0.6783330391258078,1,6,0.922820413365075,1.05,0,0.0688908755988852,9,96,16
6,0.3122687685000083,1,2,0.6595676876299655,1.14,4,0.2273154165610696,1,50,17
0,0.9903631487639868,3,10,0.8928982268584402,0.78,2,0.7067829534243679,10,84,18
9,0.073507557249315,2,2,0.954034333874178,1.07,3,0.4960204048965437,7,86,19
2,0.434522948813951,4,9,0.4799176130536343,1.01,1,0.2698452949697804,5,83,20
6,0.6099830690454343,4,6,0.0545223355683528,1.05,3,0.7348652776480911,6,82,21
0,0.1356250603295982,1,19,0.7286855073357821,1.25,0,0.9589138859049592,3,90,22
5,0.0405489376286491,4,18,0.8516721272021295,1.19,2,0.713161416063369,9,80,23
2,0.5139384167105716,2,13,0.0884692205076823,0.74,3,0.0548541586231211,6,88,1
3,0.1434851978119563,4,15,0.8795230604692313,1.12,2,0.3230044756078943,3,99,2
9,0.1478844494896306,4,6,0.9475800853109254,1.14,5,0.2757222065301949,5,91,3
5,0.467759060758576,3,6,0.6312932574213473,0.91,3,0.7839560242257008,1,99,4
7,0.1950200441650067,2,20,0.5079822182130724,1.25,1,0.7412833165223237,6,96,5
9,0.2038419305487182,4,19,0.6937887020472042,1.13,5,0.8248629846411397,5,100,6
7,0.8411685040436884,2,12,0.7394080604435586,0.92,3,0.3028248095906706,6,80,7
10,0.9317094369837816,2,16,0.9270922713466138,1.01,4,0.874986206554583,4,86,8
2,0.5975009807760402,2,8,0.6057706460636129,1.21,3,0.7377384110763506,7,87,9
9,0.9891391602310736,5,20,0.7276589822894017,1.07,0,0.4017827732885122,0,86,10
10,0.1755918100354795,0,15,0.4338206173180191,1.01,4,0.8743938046420873,5,93,11
3,0.3866026770755766,4,5,0.8458057675285554,1.28,3,0.3257970642126557,1,83,12
5,0.7459865860688049,4,2,0.9149513653603004,0.92,0,0.4501469559398849,5,81,13
1,0.4948881423743314,1,5,0.4079112464305138,1.27,1,0.4113503819931718,5,50,14
1,0.5556819545090806,2,10,0.4418793247443358,0.76,0,0.9991877274521735,4,83,15
2,0.2355788007137519,2,14,0.5132372375803825,1.22,4,0.4897031888849801,8,92,16
8,0.5875883988194637,5,4,0.5015293925224995,1.24,5,0.813853254607106,2,89,17
0,0.6068409347311887,5,3,0.8783083825555877,1.29,5,0.0692265859081761,9,88,18
2,0.0516099122873263,5,4,0.9916023564238132,0.97,3,0.8881038036016272,8,87,19
1,0.3948836352940116,3,2,0.1610853276216814,1.06,1,0.3024380493225943,10,90,20
5,0.1880098966968001,0,5,0.1387789854517029,0.76,0,0.4757482413151984,6,50,21
5,0.6800604265206321,1,5,0.0239193007652391,0.94,5,0.8277381247401293,8,89,22
7,0.6156632903569302,1,14,0.0324919516596245,1.08,2,0.8688462386516677,5,99,23
0,0.9668813731266096,0,9,0.5192307052972288,1.2,2,0.8153121471985534,3,100,1
6,0.3746971678102052,3,20,0.1220646616599158,1.04,2,0.9286456343308304,7,88,2
7,0.3781104489162613,0,8,0.7721031486173069,1.18,5,0.7346813346991666,9,95,3
6,0.3345452740315467,4,18,0.493717843370551,1.08,3,0.9748937483589314,1,84,4
1,0.3882105419600518,2,13,0.247266528836157,1.17,3,0.4634398543084188,8,83,5
6,0.8471370911345758,0,18,0.612556370474989,1.25,1,0.3333468980571266,0,85,6
0,0.5388540416157421,4,3,0.342973431099288,0.73,0,0.9314005599716402,1,50,7
7,0.4221876256041372,3,16,0.8474239929211647,0.85,3,0.4785758952212275,1,91,8
1,0.963451636843106,2,10,0.8175596905684884,0.98,4,0.8645582583917831,0,82,9
4,0.9295735065768678,1,19,0.7077635256706178,1.11,4,0.2527258338941992,7,89,10
9,0.3275147439482225,0,8,0.5695497583842669,0.75,2,0.5861120357295249,2,96,11
6,0.1070133843673042,3,13,0.1852440612059288,1.05,5,0.1657358470836574,10,86,12
3,0.9386136247156884,1,1,0.5407937660862109,1.11,0,0.0275858059212728,5,50,13
10,0.736319891191833,3,15,0.8245962356963594,1.23,2,0.9291102714111562,9,87,14
10,0.0427370073371585,4,3,0.8645309256677087,0.82,1,0.2992668403708952,10,92,15
1,0.5311083460387156,5,2,0.9575475853547656,0.99,2,0.0353767744959553,0,50,16
7,0.1182790029306779,1,10,0.5504427467106446,1.07,0,0.2892152922114978,0,50,17
6,0.4298840680979839,3,14,0.5871503018591753,1.15,4,0.3354902923739895,8,87,18
1,0.6921133270798998,2,11,0.8706514908524517,1.0,0,0.3538612466530971,0,50,19
9,0.8212659726510844,2,9,0.8035349249767528,0.81,2,0.0468098332641441,2,89,20
2,0.5872323319769223,3,15,0.30821717426988,1.15,1,0.4604692775757308,10,84,21
4,0.0813457522265415,3,15,0.5280122319314665,0.81,1,0.4070467443720119,3,89,22
8,0.732350168836819,4,19,0.3125605345243596,1.22,4,0.8378692371104017,6,89,23
9,0.2190955707260751,2,6,0.6347815908018448,1.02,2,0.7249843531903963,5,81,1
3,0.4204818164281863,3,5,0.519558431399416,1.04,0,0.3043038559726527,8,82,2
0,0.0820920656887531,5,19,0.1884636697485733,1.28,4,0.2701987791666245,9,100,3
4,0.541981518632756,0,13,0.0506291818260727,1.03,5,0.8960819121807685,6,85,4
2,0.6306168827957768,0,6,0.1655488259641944,1.23,3,0.656161631770141,7,85,5
3,0.6969615164364387,1,12,0.9074933032244328,1.06,4,0.7239984673831181,5,83,6
3,0.5822289933931365,4,7,0.8379463050840824,1.25,3,0.6300646221405093,5,94,7
1,0.1406780134583803,1,16,0.2348587657004186,1.24,0,0.239112933215343,0,50,8
4,0.835236325489889,5,14,0.0433621846735206,1.01,5,0.0807608078240879,8,100,9
4,0.2638431782335569,5,7,0.7105067527997461,0.91,3,0.7552205936247038,4,86,10
8,0.9048552410353335,2,17,0.1245460969405224,1.22,3,0.0349346230137018,10,83,11
2,0.1611017478373542,4,9,0.6537571954947418,0.95,2,0.2163197315887993,2,98,12
3,0.2911488314879568,0,5,0.7782027968271417,0.77,5,0.705487767005383,10,99,13
7,0.3784366750360447,2,9,0.208212804808875,1.19,2,0.453409067039549,3,81,14
2,0.6750068390682593,5,20,0.6802216040946678,1.23,2,0.8188027009361025,4,87,15
1,0.4367906004254835,1,19,0.0323720062440692,0.91,3,0.8978864445187467,6,95,16
6,0.3781978248835584,0,18,0.3488249899665376,1.26,0,0.9124966003400516,2,83,17
2,0.8817728400134379,0,12,0.4198830939539175,0.92,1,0.8567052028773142,6,80,18
4,0.5276294178692702,0,18,0.6764303863859528,0.96,1,0.5051468642974404,0,86,19
7,0.8992261419015067,3,8,0.4007280075510576,0.72,2,0.8147587440548335,6,85,20
7,0.4455421888163582,1,11,0.4737000441998412,1.22,4,0.3647337193551231,2,81,21
0,0.599011222798234,0,4,0.2851832194141034,1.2,0,0.4453130493169208,8,50,22
10,0.7553606048938171,1,14,0.2175629093144701,1.08,0,0.8057625279889695,3,83,23
8,0.9521461665746924,1,0,0.3076109276576243,0.81,3,0.4543704342319421,10,82,1
2,0.4469511257666663,0,10,0.6018444052217734,1.05,3,0.4998599341210726,5,98,2
3,0.4798412163755835,2,17,0.2792157206082514,1.0,3,0.5351304388095314,2,100,3
4,0.8762571455032576,4,16,0.5850614226411818,0.95,3,0.1974189314569728,9,98,4
5,0.9835546245413388,1,15,0.6652902003666181,1.0,5,0.0399917130950582,0,90,5
5,0.5346911511572466,3,14,0.0173285915498118,1.3,2,0.2548841503132627,8,85,6
6,0.3779656568344223,4,7,0.9045013828078649,1.12,2,0.537593732499819,0,91,7
0,0.3738208325832867,3,14,0.3590325281619749,1.15,1,0.0668414457216848,10,81,8
5,0.280813190370891,1,10,0.7897333605224136,0.76,4,0.2699540287637103,2,90,9
3,0.1864938063515426,0,6,0.6200107735174378,0.72,2,0.864713526230665,2,50,10
7,0.7445763788917094,1,6,0.7714611344921641,1.12,5,0.5832691801342338,4,86,11
2,0.4183405505815285,5,5,0.2865767262666868,1.25,5,0.6129224755097729,1,95,12
10,0.8636924047491729,3,14,0.1135010449779576,0.81,4,0.0998595314123982,6,94,13
2,0.2922002136561072,5,9,0.8251514330233815,0.99,4,0.9307044570830272,4,80,14
4,0.6322480475356715,4,8,0.6883735211554247,1.29,2,0.2420807202054893,4,95,15
8,0.1053220724036977,1,18,0.3945157435980625,0.88,2,0.8579711903390455,10,89,16
10,0.3228570764322384,1,8,0.7159922429650458,0.76,5,0.7206549458873366,8,93,17
0,0.157145579444528,1,8,0.8239907409443818,1.17,2,0.3898214628806548,1,50,18
3,0.7173437165200489,5,9,0.1405617072350133,1.19,4,0.5960912246065477,10,81,19
0,0.2563577112578753,0,19,0.6007136859869983,0.92,2,0.8939716962397878,6,80,20
0,0.952889268823876,5,3,0.3208141622593766,0.72,3,0.894095810700091,5,80,21
3,0.5039928943898715,0,2,0.9426478748815756,1.05,0,0.6254808476703206,1,50,22
1,0.8286787196993944,1,9,0.6791827327699353,1.19,1,0.1623108106709296,8,82,23
0,0.6219729332011319,1,7,0.8468059566872737,1.18,3,0.5951908313213424,4,81,1
8,0.5204524883217483,1,18,0.0075407375686963,1.28,5,0.9285853584762154,9,99,2
3,0.5413094990510228,0,1,0.6642738094639699,0.75,0,0.10738325901786,8,50,3
6,0.5972095656496287,1,6,0.6165235898747643,0.98,5,0.0966265765639748,5,83,4
3,0.0600371987377739,5,20,0.189816877391527,1.19,3,0.9977686017246324,10,80,5
2,0.2060193157239008,0,15,0.3254398975182682,1.15,5,0.4053376019163425,4,84,6
3,0.8054379876694049,5,14,0.9096985777549152,1.12,0,0.2446938304901866,8,94,7
7,0.4379552482558135,3,4,0.9451313048714732,0.72,5,0.9414570179717564,4,98,8
7,0.7796467768010577,0,13,0.3362472098191397,0.72,2,0.959330557297102,4,93,9
4,0.5336668909559426,0,12,0.3996474921958158,0.99,1,0.1043806808228441,2,50,10
0,0.2401478819765335,1,1,0.6812932463358193,0.98,3,0.2180002381890609,7,50,11
5,0.1437895092638883,0,19,0.6450535322877415,1.11,5,0.4853669553639077,4,88,12
1,0.4349028741278433,3,17,0.7638073577515285,0.97,5,0.0099576016678334,8,83,13
5,0.577254978473389,3,20,0.7085624266964151,0.85,2,0.5674866947572037,0,98,14
3,0.9944314339787308,1,6,0.8889502195605713,0.7,1,0.0800829829114315,10,98,15
9,0.6469773412024866,1,7,0.2097067207343699,0.8,4,0.8852763945031809,7,98,16
7,0.1329472683143481,4,11,0.208012143865098,0.76,3,0.8471246151019941,1,85,17
2,0.3178333544282643,4,4,0.3507651457687205,1.02,5,0.6659114331904854,2,99,18
2,0.2649563354774897,3,8,0.8654163558848486,0.99,1,0.8761498159994698,0,84,19
9,0.5427447629228185,4,19,0.474974085210768,0.8,0,0.9591178384492904,7,81,20
4,0.9885314088310576,3,11,0.9641683872374888,1.16,3,0.2968181518488532,3,82,21
3,0.8995206616048156,0,6,0.0668952147514003,0.99,2,0.7470434923853555,9,100,22
2,0.3394112049038784,0,3,0.9476930255338488,1.23,5,0.5737929818337316,10,83,23
6,0.0766027011289484,4,8,0.1870020248006948,1.05,3,0.2504122573562986,10,83,1
9,0.3317204196207426,3,6,0.2976954034223176,1.16,5,0.1144916138991166,7,86,2
5,0.0539311182314358,5,19,0.7854487618396118,0.96,0,0.9003705551286908,8,96,3
0,0.891811410907003,5,4,0.1480913052575401,1.05,5,0.714738710117009,7,95,4
7,0.015025262328168,1,19,0.9323524953821994,1.29,2,0.5591991498474448,2,81,5
5,0.0184103735557713,3,17,0.1597625946650708,0.83,5,0.2901696704463412,8,82,6
9,0.0990361984608078,3,9,0.3235260797042054,0.77,4,0.5231301139662303,7,88,7
3,0.809677465314307,5,18,0.0808113187552296,1.06,1,0.4275701001059274,10,82,8
0,0.4574857133610778,3,20,0.6882075132430114,1.26,4,0.6940176008059294,0,86,9
1,0.1338178956437888,3,20,0.9837169354555554,0.81,2,0.188796983811521,5,98,10
3,0.815026576656033,1,9,0.2902169326617094,0.82,2,0.5930654555081569,4,99,11
1,0.543301309934938,3,18,0.979355057992524,1.06,0,0.1594306838187925,7,95,12
8,0.0938444361719866,3,0,0.9159009441059172,0.96,0,0.9053410777247524,1,50,13
10,0.129377245796825,1,5,0.4421760399169341,1.01,2,0.227730728689435,4,50,14
8,0.1124319151248263,3,20,0.8810619564830137,1.23,5,0.6179703717221454,5,98,15
1,0.8682785068263236,3,19,0.2637456736037984,1.21,5,0.7499923486623536,0,85,16
6,0.9695294718331112,4,10,0.1603966288072227,0.98,2,0.2134387673063635,1,93,17
6,0.6955214100299185,3,20,0.832072107565223,0.9,1,0.991194152205551,1,95,18
7,0.1585657382456067,2,8,0.8598171967425774,0.97,5,0.9835755096533644,4,85,19
2,0.3746441111262474,0,7,0.4221127415843201,1.07,0,0.6317858699284906,9,50,20
2,0.2198113263096133,0,15,0.9287188735643744,0.72,3,0.6169892385788586,6,88,21
8,0.4102190019390139,0,4,0.1442136819294717,0.82,3,0.8115473719120782,4,82,22
7,0.2052447488277373,0,15,0.793327829535023,1.05,4,0.9453967711793486,3,93,23
5,0.9500346478057392,5,10,0.9408607587316314,1.29,4,0.5240395210895257,2,86,1
9,0.2312949054816689,5,5,0.9616386513356576,1.01,4,0.6085473168024605,7,82,2
6,0.3234450043474742,0,18,0.0317489573380357,1.03,0,0.2992955978772237,3,50,3
3,0.4510352830389554,0,11,0.4237520394847953,1.14,1,0.9076429246306822,3,98,4
8,0.752701659661118,0,6,0.965505534675482,0.99,0,0.603446100914723,7,95,5
8,0.2057118409294599,2,3,0.8172664359403036,1.12,2,0.7567968003557631,4,93,6
9,0.1023704768440143,5,13,0.2574516982517429,0.72,0,0.8822916338279234,3,93,7
0,0.929542424591797,5,3,0.6745335380264844,0.86,1,0.018170177023088,4,96,8
4,0.7237223589512314,1,15,0.552181631158348,1.11,4,0.6174913020479144,6,83,9
4,0.8030136901998957,4,17,0.7287630522643533,1.12,5,0.7471294017459731,8,94,10
8,0.0310068698839747,1,18,0.2385428758874495,1.08,5,0.7818816543929706,8,80,11
2,0.2986812038598907,2,13,0.707042696114283,0.93,0,0.2645253572765562,7,91,12
3,0.6181378975940678,3,12,0.7066998309842276,0.84,5,0.815327294273434,3,89,13
8,0.1138712710745254,5,6,0.8324061394396368,0.76,2,0.5349782546820117,8,83,14
4,0.4529121996848606,5,12,0.3384123160409475,1.25,4,0.3081891256823603,2,83,15
7,0.5370659060954789,5,1,0.7303335151462356,1.27,4,0.8721376854114892,7,98,16
6,0.7435593012751852,4,6,0.9731932024909578,0.89,1,0.8208901963451323,1,81,17
3,0.2479868892434293,2,13,0.3508135583125911,0.98,0,0.7464095792029163,6,81,18
3,0.1897297480047083,2,3,0.7605960580210046,0.72,2,0.1226058670517481,3,50,19
3,0.0407325815484652,1,20,0.3189740009320139,0.79,3,0.053662973534804,4,92,20
9,0.3355579524951187,2,1,0.9606844602135598,0.83,0,0.0866516730093571,0,50,21
6,0.3162181117011278,2,8,0.7571683181118413,0.86,5,0.0046241023125912,6,98,22
9,0.0005090354671606,3,4,0.3273080110163595,0.85,0,0.5754734509561439,2,50,23
9,0.8520078838196877,1,5,0.4789534729180121,0.99,5,0.4549790278708528,7,87,1
4,0.3086407338334392,3,18,0.0436609342749919,0.89,2,0.8489345764557706,3,96,2
5,0.4891893536366024,1,6,0.1939140672511293,0.73,5,0.3557122812054207,6,82,3
9,0.3918168546397115,3,7,0.3190091853164086,0.87,4,0.5004858469765702,2,95,4
1,0.6143785119013415,2,17,0.7807610658548803,1.11,4,0.7128638459477603,1,91,5
6,0.078490379752467,1,0,0.9644545926825334,0.94,4,0.0915144436228215,7,96,6
1,0.3212443894834066,0,20,0.0466473305064258,1.28,4,0.4912799625801823,0,50,7
8,0.8635782413421341,5,12,0.2760601649442938,0.99,3,0.0987947985998174,7,100,8
4,0.8294940085326934,5,20,0.580317782900018,0.76,5,0.6448537332409638,6,89,9
5,0.8187492697039868,5,14,0.1508703951641502,0.73,3,0.6554829691400696,6,86,10
10,0.50380137052806,1,5,0.4544900961875441,1.13,4,0.8745897095450139,2,92,11
2,0.2582609722948326,0,17,0.9396138703186168,1.11,1,0.7877947548637998,10,97,12
6,0.9451409903290018,3,10,0.7311288345499726,0.8,1,0.0604570579325232,5,96,13
6,0.770705570656629,2,13,0.936270293679479,1.22,2,0.103944119348974,3,92,14
4,0.0422877752478814,5,20,0.6499072481009042,0.71,2,0.3172839501797744,10,87,15
9,0.2898745767278661,1,5,0.905975508121418,0.72,4,0.7069444800316677,5,83,16
7,0.501408479884384,3,11,0.0375429211038772,1.1,1,0.5572640767254389,5,94,17
7,0.0773472850993424,3,4,0.9799906680094088,1.04,2,0.9839888141282876,1,97,18
3,0.1814697526280276,1,8,0.3783538100882672,0.72,5,0.5919210638731451,7,97,19
3,0.1751477669910196,2,18,0.3761536646607618,1.15,0,0.8418930552934129,0,50,20
7,0.4143889162290139,5,2,0.0102005146250805,0.81,3,0.7427264231991159,7,83,21
8,0.3793995023970498,1,18,0.7450741808173516,0.74,0,0.3064911010540361,2,87,22
1,0.8267329723861981,4,4,0.4472595160167846,0.75,4,0.1344210481171665,10,96,23
5,0.6737827790694983,5,18,0.6621760016069308,1.01,0,0.790111343918573,5,91,1
10,0.4404356044358354,5,16,0.4543940040490406,0.97,0,0.2311261022550073,9,92,2
9,0.0586874786507933,2,13,0.1952035768322282,1.14,0,0.2325462614441181,2,50,3
6,0.7868619583242936,3,15,0.3713899422755796,1.12,4,0.6049691681311696,4,84,4
4,0.7876249163446998,1,10,0.4942797793432238,0.71,5,0.7325778101976298,0,82,5
0,0.0863048961558773,1,6,0.1858358530003181,0.96,2,0.7146037066688186,8,50,6
0,0.0240458082659025,3,12,0.8850956067604875,1.12,2,0.2135890595028886,7,82,7
9,0.8790421310530965,5,4,0.0331143292526873,0.87,2,0.261815147238028,1,100,8
3,0.0706054858902296,0,16,0.6479373453934744,1.01,4,0.8669340287313678,4,88,9
10,0.2265382964280902,2,1,0.8134075748287114,1.08,1,0.1810167536984799,10,94,10
8,0.2239135061866718,2,5,0.9794011947999116,1.02,5,0.1707437507969079,7,84,11
7,0.7002038491020631,5,0,0.5733083521205191,0.95,2,0.6251401748023796,5,84,12
4,0.6005690619174631,5,12,0.2764481479959343,1.23,0,0.9956222465437444,10,87,13
1,0.6381510671844709,3,17,0.4768400625980541,0.94,0,0.021400476675105,6,100,14
2,0.1098545881945636,3,5,0.1550813794264154,0.8,2,0.1543533942422468,4,50,15
1,0.4659381805259392,5,19,0.743942099467949,1.19,4,0.6004731195874423,8,95,16
2,0.6522312736359356,0,20,0.6471462041183014,0.95,3,0.0940119059944861,8,98,17
2,0.4917217570916864,2,19,0.6051275808403968,0.98,5,0.9499741509151752,1,98,18
1,0.8282599732701265,0,13,0.7658034529015264,0.7,4,0.1732116760390767,7,90,19
4,0.4803189844690421,0,17,0.417680426467095,1.17,3,0.5969345321253015,3,95,20
0,0.0944048587814742,3,15,0.3386838059059717,1.18,3,0.7943361135344469,2,88,21
5,0.0294022826737667,1,7,0.6823326034133221,1.19,1,0.2887995922718791,9,92,22
7,0.1064191960534512,1,20,0.4966379918617372,0.93,2,0.9378484430647696,6,91,23
2,0.6603154214489769,5,20,0.9375401289973864,1.29,3,0.4453856364014,7,81,1
9,0.0925473436593621,0,3,0.5522467710525409,1.0,0,0.6754329673567322,0,50,2
6,0.3461218950791929,3,12,0.894008778396603,1.29,0,0.8053369199259766,0,82,3
10,0.8987017097795628,1,12,0.7857441268109698,1.18,2,0.8083169955206752,7,97,4
5,0.2856467859007346,2,17,0.4185416921425499,1.12,4,0.3972800089887317,4,81,5
0,0.3408661304087752,1,16,0.2685926935287519,0.71,1,0.1940445958858583,0,50,6
9,0.435763413865329,2,16,0.3616974347228767,0.72,2,0.931933059279181,0,94,7
7,0.7362861004778063,4,15,0.2448412115866002,0.96,4,0.1986093028592153,0,91,8
3,0.0504568834136056,1,20,0.819052425102733,0.76,0,0.4088012607415354,6,100,9
9,0.8391307955062297,4,4,0.1272707737358241,1.23,4,0.8826150250620942,1,83,10
8,0.2379521076619515,4,11,0.3126245008724124,0.91,5,0.0364984057481481,10,100,11
1,0.1938698074870228,2,8,0.9959839968003276,1.23,5,0.1173612468277951,8,95,12
0,0.0068559259555781,5,13,0.9137220117261582,1.14,1,0.9626766833113174,0,92,13
1,0.2225468336718896,1,1,0.5963232338643716,1.06,2,0.2318872766821407,8,50,14
3,0.401414286155029,3,7,0.6677789948066014,1.11,1,0.9430284491600068,9,92,15
2,0.3873144113600443,3,9,0.4368650293683724,0.89,0,0.1276984795033126,3,50,16
6,0.2897163907552412,3,12,0.0451501673743749,1.29,3,0.9078880919394026,4,81,17
5,0.3072631035778975,0,17,0.2478220487495598,1.21,4,0.3467939223577484,7,87,18
1,0.0151861419416198,5,0,0.8167272018626798,1.09,5,0.1921950509814753,2,82,19
5,0.8076321974006775,5,11,0.5872949314810294,0.78,2,0.2424349150396717,5,83,20
5,0.097051553285432,5,16,0.2669615733157577,1.03,1,0.6636541488501105,7,89,21
3,0.1360067676388124,4,3,0.1104719610149632,0.74,1,0.2977724227767262,8,50,22
8,0.8917178277473901,4,10,0.938274542559888,1.21,1,0.0879402582385342,7,83,23
8,0.9226821789365632,0,3,0.6012048267938017,0.82,1,0.7075221224663388,4,97,1
9,0.0883783176190196,3,11,0.0093101096392915,1.14,5,0.8569491635951667,1,100,2
5,0.106197221584782,4,13,0.3221561511202568,0.76,3,0.1787997870189996,1,86,3
5,0.1354853406449802,1,11,0.7145845297129345,1.11,1,0.6403156021669455,0,50,4
6,0.9085457134436604,5,14,0.6088754277801368,0.72,1,0.82442866501809,1,89,5
3,0.875079542773234,5,4,0.4501308401481659,0.7,0,0.0434813257024955,6,94,6
6,0.6525267076350151,2,19,0.5360228345169473,0.92,5,0.319157694080714,5,91,7
7,0.269362897824053,5,7,0.563411772447371,0.95,2,0.7314997067578469,0,95,8
6,0.8517626982614306,5,8,0.1082679389798567,0.78,2,0.5572389968641176,2,86,9
7,0.2008133989482509,0,20,0.2258592600352942,1.19,4,0.2722159608734588,9,97,10
7,0.8214185052417756,0,3,0.0409342217606916,1.16,5,0.0911811660545298,5,88,11
4,0.1416446429322659,4,15,0.7146103429553597,0.79,0,0.5932808054832558,9,88,12
0,0.1741225048736768,0,11,0.3705545103275683,0.85,0,0.9409255009477044,5,50,13
9,0.3072450699371502,5,13,0.5716233479922354,0.76,5,0.3380270847020594,10,86,14
5,0.9545791193578468,2,5,0.1692756883356208,1.04,1,0.0336569681585919,3,50,15
2,0.527092119210895,3,12,0.9100163739400198,0.72,1,0.4064841365782544,7,91,16
2,0.8163080274204858,2,1,0.1817785133307197,0.9,2,0.4270861009603651,7,88,17
1,0.2424505934243596,2,1,0.7960128009830659,0.88,1,0.581431137837494,6,50,18
9,0.9972398427073006,4,0,0.0174684613612697,0.96,5,0.6379612703725633,6,96,19
0,0.1603064036891264,3,13,0.7589864441476493,1.13,5,0.3812538354768068,4,100,20
6,0.691797615362769,3,17,0.3990003786726328,1.22,3,0.4463092628540358,1,84,21
3,0.765829108041982,1,19,0.1467409012787544,0.75,2,0.3636338790060609,6,89,22
5,0.5991416330090213,2,11,0.6165249785943763,1.29,5,0.2423243702271078,8,99,23
8,0.8031488985085053,2,12,0.2397724758760793,0.84,3,0.8988736989597016,9,84,1
3,0.9415085893617596,1,6,0.3895571008746827,1.26,3,0.2018784765022182,6,89,2
2,0.6899443229912021,2,16,0.3296967583467098,1.23,4,0.9684694696598434,3,89,3
8,0.3555753304866538,2,3,0.9773772257979382,1.15,3,0.1564191307166381,0,84,4
6,0.8282055361565767,0,14,0.1088342439326631,0.84,2,0.6793307754907771,7,89,5
6,0.1642039836969417,0,5,0.4512412395539951,0.73,1,0.6703286470250925,0,50,6
2,0.8814327613240057,3,8,0.3949342538258946,0.86,3,0.7946147184738311,0,98,7
6,0.8437902963641163,3,2,0.5917781685208091,0.99,3,0.6896360580153286,1,87,8
8,0.9638193969543436,2,13,0.5887344089740175,0.8,3,0.58292695679838,4,91,9
6,0.2338314818601552,2,19,0.3662047389072521,1.09,4,0.0364941045094642,10,99,10
4,0.1534281992091062,3,19,0.2873534918900523,1.18,4,0.3078495205815469,10,92,11
3,0.2548643250145767,2,18,0.5214394665954192,1.25,5,0.7363270484327691,8,95,12
2,0.997014346657924,1,1,0.7834419467297531,0.89,2,0.1777582826975887,8,92,13
9,0.4891814425622696,4,7,0.2721819394131858,1.06,0,0.9596372688754524,3,90,14
5,0.7721250385252906,4,1,0.3896415920953102,1.27,0,0.1445732637761331,6,82,15
3,0.2811267025867368,4,7,0.0122611127099385,0.89,1,0.5900911690386486,9,81,16
6,0.5466800503393773,2,12,0.5474596724659471,0.85,4,0.7190504537126018,4,83,17
5,0.041420090396457,0,5,0.4439720939798578,0.97,2,0.6351875959021087,8,100,18
5,0.1460514343505473,3,7,0.4612982397629858,1.01,5,0.8584554749893034,0,84,19
9,0.3983839167810475,0,12,0.7717689908112662,1.12,0,0.5705779016758076,2,92,20
3,0.6249632104569143,0,20,0.4643459495900129,0.74,4,0.9698772829203434,10,98,21
5,0.5060234963646283,3,1,0.8045066954878537,0.8,3,0.7758923256035899,3,96,22
1,0.6403498475704676,5,11,0.6547661750849918,0.89,3,0.8948590079113077,7,92,23
7,0.0378064556179961,5,16,0.1267057042834735,1.15,1,0.7340599884197498,6,84,1
2,0.9448770796992516,0,13,0.6354329891753281,1.17,3,0.5075654392463502,7,100,2
1,0.4353635084166586,4,14,0.2801997723999226,1.21,5,0.8182748848927407,2,81,3
2,0.254522845622986,5,11,0.0833276167073184,0.71,1,0.3954572985817532,5,98,4
3,0.3075035089862289,5,16,0.7245545329102605,1.17,5,0.7480691719876903,7,96,5
1,0.2752571218094523,1,11,0.3489795741951492,0.98,1,0.1271100827975245,3,50,6
6,0.1681468823482796,0,9,0.2656316403947084,0.96,1,0.0673203572218534,2,50,7
6,0.574234392712386,0,8,0.0248032069090705,1.28,0,0.7190785153302367,0,50,8
0,0.5366706314927522,4,15,0.0105402089980839,1.09,3,0.7393611296723586,6,86,9
10,0.0217437547642516,0,11,0.4508375343423187,1.2,3,0.9752233744764308,5,90,10
4,0.3938993810591932,4,13,0.06162563514847,0.71,1,0.9364506289324648,9,81,11
8,0.0870319576730038,5,6,0.6722739575717911,1.12,0,0.6835710537213627,2,97,12
0,0.0773767359158056,4,15,0.331599721053282,1.1,2,0.5487836282087155,0,50,13
5,0.2581222287766622,3,8,0.5621585046464956,0.7,4,0.3630421045749408,8,94,14
8,0.6025375173682909,0,0,0.2165862622156922,1.02,4,0.8015280016689419,4,94,15
6,0.7371888481480966,3,20,0.3965234286738321,0.71,2,0.9145541816881784,9,98,16
9,0.0257727111941739,2,8,0.5255681044031201,1.07,2,0.2589355621343032,1,50,17
6,0.1833021640079752,5,6,0.5459056278952648,0.74,2,0.090113033092841,9,99,18
2,0.6191782799896894,4,5,0.9576015176436596,1.24,4,0.6489115480859596,8,83,19
5,0.7446982332426813,2,11,0.8859698732091399,1.04,2,0.9325155564251344,7,84,20
1,0.5156621553435192,0,14,0.9685290328196794,0.94,0,0.981327491677311,6,96,21
5,0.8172738909788774,5,0,0.6104417798254987,0.95,1,0.806405742382722,6,85,22
10,0.7222779487057207,5,9,0.2194628443580593,0.88,0,0.2357027540487978,6,83,23
4,0.5431855795684195,2,3,0.2609879160409932,0.83,0,0.564994149242106,6,50,1
4,0.0529754778741492,4,14,0.6250196927986442,1.17,4,0.4475719975079133,6,99,2
1,0.3335984036445395,5,10,0.7247225196226794,0.9,4,0.6504772592764649,5,81,3
3,0.054905558604823,3,4,0.4404927749170848,0.9,5,0.247539358263415,1,50,4
8,0.5021454543546733,2,6,0.0209588056564109,0.81,2,0.9396389831141204,9,96,5
0,0.5613969147284363,2,0,0.2689461768187754,0.98,2,0.5154813845540602,9,91,6
5,0.356498372100567,3,11,0.816053059483321,0.8,5,0.0188033244061243,8,90,7
7,0.9608948147859172,3,3,0.2228504747009683,0.79,0,0.0607642893793692,7,85,8
0,0.9501597901111168,3,0,0.2131163572477965,0.88,5,0.4096604876213775,0,92,9
10,0.7780091561553788,0,18,0.4257110476877762,0.79,3,0.8869608967643641,8,82,10
6,0.0732706359983397,1,4,0.1666273990914432,1.19,0,0.4909868350297544,10,50,11
0,0.5565209438956541,2,10,0.5014024069581682,1.24,1,0.1677226610144667,3,50,12
5,0.3306330571103753,3,4,0.8759650063453164,0.88,1,0.3918153732412153,9,89,13
6,0.683090378575921,0,20,0.3624664557697878,0.9,5,0.4797228863452065,2,97,14
9,0.167171986678144,5,11,0.2077320546353372,1.27,0,0.8753208254515226,2,95,15
5,0.6261236043526912,0,13,0.7023911249625199,1.25,0,0.0663413857766036,0,50,16
5,0.005469206133488,2,13,0.9963475927565644,0.71,4,0.3887991213024382,1,100,17
9,0.7302137464138274,5,9,0.3633012949372991,0.99,0,0.9701588631640944,2,92,18
3,0.3540747574957861,4,7,0.4921548065815291,1.25,4,0.5048387448918328,2,96,19
4,0.4250075999002682,0,7,0.2958837714253812,0.76,0,0.0846719482144084,0,20,20
4,0.450403214116046,4,5,0.5976116045106354,1.1,0,0.8363961968799712,10,92,21
10,0.5481286491292657,3,12,0.6701846680510121,0.74,5,0.0354937859765079,8,91,22
8,0.5273912704695372,0,2,0.9539592489389536,1.09,1,0.4384461331745716,0,50,23
3,0.5929715911172628,5,3,0.0398629463268926,0.8,5,0.1470625026686342,1,90,1
5,0.672079033487584,5,2,0.5581390111523705,1.18,2,0.0374480665638455,5,89,2
3,0.3966214029399593,3,11,0.4056368817097443,1.15,3,0.3336497171880099,3,83,3
4,0.2835953793575629,5,8,0.0430801682687149,1.14,5,0.3856867568711732,8,98,4
9,0.4553115686438664,1,7,0.1033460862815206,0.75,3,0.9207202812688524,3,86,5
10,0.15006788783768,2,8,0.3344723114227051,0.98,5,0.4961189733429062,10,100,6
10,0.910907483281426,5,3,0.1477873071428115,1.2,1,0.3859279039572885,2,88,7
2,0.969574670172341,2,5,0.885838720628247,0.8,1,0.4378376212622208,8,96,8
5,0.4808034532408801,2,5,0.7074699193698573,0.79,4,0.4933227127112416,9,80,9
3,0.4885095055730349,1,7,0.7803929376922205,0.74,2,0.4795637462296075,5,85,10
8,0.7237082038083156,1,3,0.5642189510829061,1.1,2,0.6068142650133064,1,93,11
0,0.2648184284395386,0,14,0.4441524386331036,1.07,3,0.6669877192052015,9,93,12
7,0.2832356820964612,4,16,0.925344226420801,0.85,3,0.8651879951247541,5,88,13
9,0.4190745049979377,3,7,0.7763730254029798,0.81,4,0.1131747887633262,0,86,14
5,0.5889310459213914,4,9,0.6261211104582515,1.24,2,0.5099437589089366,7,87,15
7,0.236464900847615,0,7,0.7796222892935777,1.09,1,0.8303169029093915,7,80,16
1,0.0468589815340252,0,13,0.6875351950941422,1.19,1,0.0668900326861713,10,50,17
8,0.838420351853639,0,15,0.5971904274999905,0.91,1,0.268712446615155,3,97,18
0,0.8872344140934547,5,19,0.060811542314233,0.93,3,0.9383231669580868,0,98,19
2,0.9433605397290132,2,5,0.9583717230895826,0.74,5,0.6140035934582296,2,98,20
2,0.2078019744507653,0,15,0.9141879096860832,0.81,2,0.1957990078206674,7,93,21
4,0.7447079235369262,1,17,0.1869626768782768,0.93,3,0.4924152085503027,3,100,22
4,0.9078113951540232,4,20,0.4504374646485286,1.03,0,0.786846117410282,1,80,23
0,0.2219857443951342,2,4,0.2404292056118514,0.87,4,0.3763762669072257,7,82,1
5,0.9980477716152508,4,2,0.0615529457823875,0.89,4,0.4963516670283697,9,93,2
10,0.4604447588805341,4,1,0.6790460991316569,0.94,2,0.6984395581026663,5,92,3
2,0.7116729276159638,0,8,0.1351726141780912,1.14,3,0.0872124891398401,2,50,4
9,0.55179737233449,5,6,0.4173103958155998,0.91,0,0.4774193070385337,0,80,5
10,0.1857355120776365,0,11,0.8015116411863646,1.17,2,0.835684001971029,9,83,6
7,0.5426201163962602,2,12,0.9226581615186265,0.86,0,0.3594250817583961,7,89,7
5,0.0650757193007059,3,14,0.3173485213546254,1.22,0,0.2742789533924468,4,50,8
6,0.6461087280860777,4,11,0.9986532994471362,0.93,4,0.3001046294304121,0,91,9
8,0.0771263259441575,1,13,0.3706725494956999,0.9,4,0.1299996891599518,1,85,10
5,0.1333212107557557,4,0,0.4305645087101749,1.3,2,0.7686131164211931,2,83,11
8,0.1561783447925382,3,11,0.4464314027092939,1.29,1,0.9250575332747376,0,98,12
2,0.2595161092749466,0,4,0.3649997247710889,1.25,2,0.0079538248619944,6,50,13
0,0.4557436199996695,0,16,0.9965303005268136,0.86,2,0.5568343102483938,10,80,14
0,0.4372172017004245,2,10,0.6291383341430731,1.15,2,0.4740696609100013,5,85,15
3,0.6776487984987201,2,0,0.3879450792873637,0.73,1,0.7824310245175201,3,50,16
7,0.2658447331326414,2,12,0.6175214397129482,1.06,3,0.514823791302319,2,87,17
9,0.8114702830860268,2,8,0.314498698053091,0.84,2,0.9624231150124428,1,88,18
2,0.4835720970285877,5,19,0.7502108474136652,0.77,2,0.3388312027980019,1,88,19
10,0.720399460600165,0,15,0.0081377015579916,1.08,1,0.04320523779279,6,81,20
8,0.2376848579427284,2,13,0.0590107106381343,0.88,0,0.1323677210890511,5,50,21
3,0.9762482938117416,3,2,0.5621186751717641,0.73,2,0.0254415257014811,1,50,22
7,0.6664590551067829,3,19,0.2984005558660147,0.83,3,0.1797775793289133,4,91,23
8,0.747231514161282,0,14,0.6153017014184826,0.94,0,0.6085850007643293,1,83,1
3,0.0474313867779424,1,18,0.2449417093506042,0.92,3,0.1877221862506604,2,50,2
0,0.7318928964929536,5,18,0.904091287718496,1.21,4,0.0525451104518008,2,100,3
6,0.0354072784443525,0,17,0.4218264794994071,0.75,0,0.1022064466528519,3,50,4
9,0.5900043430573807,2,19,0.5767289565855349,1.23,5,0.0167413445868038,2,84,5
0,0.8595504945640683,5,11,0.3148112265972591,0.91,5,0.7589477840232697,5,83,6
6,0.0603498651881735,0,17,0.3082212781753289,0.93,4,0.0245264553362407,3,94,7
4,0.4343803890315971,1,11,0.6623205102233104,1.26,1,0.4638725518958374,8,99,8
2,0.3366383878725716,4,20,0.8175294068423137,0.8,4,0.6622688875436581,3,88,9
0,0.8113649938651321,4,3,0.9289550909703684,1.17,0,0.6721587835067888,7,98,10
1,0.7084760225694714,0,14,0.3417667519753706,0.74,4,0.2537999400876842,9,88,11
3,0.0038340730824769,2,2,0.7403658521643182,0.83,4,0.2688447880734079,5,96,12
6,0.3709447983992956,4,16,0.6214695836805483,1.13,1,0.3278990688786188,2,98,13
1,0.8355277343022742,2,10,0.7389925361969365,0.79,3,0.192624196397583,0,98,14
9,0.370024477775735,4,1,0.0601518989360694,1.21,3,0.2175344138000813,9,87,15
9,0.6628384105735187,2,15,0.1495244787275115,1.08,2,0.5717409113272982,10,100,16
8,0.3334406932527504,3,10,0.6659689382789062,0.78,2,0.6869968456560729,7,82,17
1,0.5503186516378537,4,15,0.9984825010597104,0.98,1,0.0396002328116569,4,96,18
0,0.4655396802077894,3,9,0.6924857061273662,1.16,5,0.3633192928488504,3,94,19
1,0.3073474841305942,2,1,0.2996043936233822,0.85,3,0.8712282853014587,4,50,20
3,0.244643551162042,5,0,0.0540847794082125,0.88,1,0.5415613401879393,8,81,21
9,0.859319781012781,5,6,0.2605527062464813,0.79,0,0.5242167128013903,10,87,22
8,0.5551368078062269,5,10,0.5240354185886861,0.97,2,0.6119235029280043,1,89,23
8,0.8088167885446274,0,20,0.6944512128939982,1.07,0,0.4922492218902888,7,95,1
1,0.5629915459534773,4,8,0.2507524853306412,1.03,0,0.6412372368670848,10,88,2
3,0.9371251037369562,3,8,0.6152063020956123,0.83,4,0.876289132577227,4,81,3
3,0.7939971471979428,4,5,0.529344566254613,1.21,3,0.9446465317463986,6,88,4
5,0.7161890632583321,0,7,0.4028242356349424,0.83,1,0.7975431075602897,10,83,5
7,0.6580603239293026,0,16,0.901483117005008,0.78,5,0.5889107247883052,3,97,6
5,0.6527848832862513,2,1,0.4520793872122832,0.76,1,0.9189738335053088,7,88,7
2,0.7522725851415806,4,12,0.1724438099222445,0.7,5,0.9666896956579648,1,94,8
2,0.1936986440937627,4,19,0.4655151686795385,0.83,4,0.0645205713295882,1,95,9
1,0.7641841615056004,2,9,0.6354584594158882,0.86,5,0.164120282636071,1,80,10
9,0.8858135747726659,0,19,0.6144355649407678,0.86,3,0.8366052726954876,7,80,11
4,0.7818082193271711,3,16,0.3318604396538035,0.89,5,0.2521848592231364,9,89,12
10,0.6906001715117299,3,12,0.4007522654710057,1.15,3,0.9018306697125076,2,86,13
8,0.5295111975045292,0,15,0.6407615931242826,0.89,5,0.9061173500748224,10,82,14
8,0.8863651695740418,2,12,0.3375901314125336,1.1,5,0.0765701228539754,2,82,15
6,0.7160733710192968,4,13,0.7806750435892743,1.28,0,0.2399986934126553,4,93,16
5,0.9743099515744388,3,0,0.8116890091843384,0.85,3,0.256757669183045,3,91,17
4,0.3150847881234597,5,10,0.9790577711311692,1.21,5,0.3821069973835393,3,96,18
9,0.944397124227656,2,15,0.5900460588251971,1.11,5,0.2490056515974236,5,98,19
5,0.9453107007315196,4,0,0.7165611603528019,0.84,5,0.1865637486017981,10,86,20
2,0.1050681465935986,2,14,0.5477138018734881,0.79,3,0.903645508170025,10,84,21
3,0.9917044021014838,5,0,0.6664723331891234,0.71,0,0.189224164474494,2,84,22
0,0.4679896195474542,1,17,0.5902886130218019,1.27,5,0.417877845541505,10,90,23
4,0.5790617250755637,1,1,0.0452823047789849,1.12,1,0.5546834418526553,6,50,1
9,0.2828510963413093,4,19,0.6514736292280994,1.08,0,0.4500354978939782,1,94,2
10,0.3558517930518781,3,15,0.239235651016034,1.29,0,0.8449599015395721,0,95,3
10,0.5903197947278751,1,3,0.0431278105640685,0.75,4,0.7603105312756747,2,80,4
6,0.1154702857494063,0,17,0.1550893912286391,1.21,5,0.7816551581391223,2,98,5
9,0.8687743965672332,2,15,0.0224787342669349,1.3,0,0.5534486018939272,6,95,6
3,0.8960680551488558,3,4,0.6984562638358652,0.76,4,0.7506725020166379,7,94,7
9,0.1774839500065937,1,7,0.2091833341098136,0.76,1,0.4700864891528498,4,50,8
7,0.6762078587967021,2,10,0.3576606612999936,0.76,0,0.3724603235726024,5,96,9
10,0.0263833136157902,4,10,0.7425964454322831,1.11,0,0.9394424525895771,8,92,10
3,0.0727215248719322,0,8,0.644612494195963,1.07,1,0.1774474317049809,9,50,11
3,0.4073911605183469,4,17,0.653020842693547,0.89,1,0.9607097639383968,0,90,12
8,0.4346349202992945,3,20,0.6131386972490016,0.82,1,0.944401388312717,4,98,13
8,0.1488484619753676,0,2,0.2707666820757338,1.16,5,0.2832321771129367,5,93,14
7,0.0075968905622414,4,6,0.4209895980828587,0.9,1,0.4612187113100876,8,93,15
9,0.4697388410346609,1,11,0.0498543839127226,1.13,1,0.6854828106698707,5,86,16
8,0.5606093567848832,1,20,0.2589112752457649,1.27,3,0.3716423946074391,9,97,17
9,0.4822282486022742,5,16,0.6572342313857397,1.01,1,0.6155716105615386,5,99,18
1,0.375295164487351,0,5,0.2420039929525417,0.83,5,0.6078686512113491,2,50,19
4,0.1731571111132793,2,16,0.5135164780237315,0.77,4,0.1231386227900549,7,100,20
9,0.9737379304424744,4,9,0.1758778160640293,0.95,3,0.0868307497404705,8,89,21
0,0.2966817037292452,3,12,0.8124761716525218,0.77,4,0.5056815057182239,9,81,22
7,0.3355986560514061,2,17,0.232326029024194,1.25,4,0.9275884154039228,8,91,23
9,0.1529928935461326,4,0,0.8840255736460351,1.28,2,0.6046844047925606,3,89,1
7,0.6903929392820303,3,3,0.3479347477011516,0.85,3,0.6231453118902868,9,98,2
8,0.6785258109148002,2,15,0.464602716824356,1.24,4,0.1352168573004396,8,86,3
9,0.9946977331342168,0,19,0.0086032236904433,1.26,1,0.9439755977414064,10,98,4
4,0.5338324856533285,0,9,0.6296838377631606,0.75,1,0.4556264558583275,1,50,5
8,0.4926062235052963,4,4,0.9010505252061952,0.78,3,0.5463300304487376,3,83,6
4,0.5636606805786368,4,5,0.7265260565016922,0.86,1,0.7080717314799014,0,86,7
9,0.7370172097613517,4,0,0.4225461666233306,1.29,5,0.2973351535333648,10,92,8
5,0.7929186681613773,4,16,0.9031311008300144,0.74,4,0.2776052822190762,7,88,9
7,0.1303331560436614,5,17,0.2909851428791187,0.87,3,0.2712477757066075,1,86,10
9,0.4663732926836534,5,18,0.2719054324213893,1.22,0,0.0266237101069144,3,92,11
1,0.9122016148889284,1,9,0.4617198817008351,0.87,0,0.9291423450852928,5,91,12
5,0.1527665412277622,4,10,0.6739393127639111,1.03,2,0.3507856703332179,8,92,13
0,0.8647720067529182,1,0,0.210216904913486,0.94,5,0.6700153508416808,9,83,14
1,0.4929870491284733,4,19,0.6701546478475627,1.07,4,0.5466522554856742,5,92,15
5,0.2368446058171264,4,8,0.7820659304185749,0.79,0,0.3115835332178405,1,50,16
10,0.9082853802354368,4,7,0.0299161936457253,0.73,2,0.4211283610981465,10,91,17
9,0.1552525891632845,0,8,0.1834031277890638,0.97,0,0.3753058749379484,4,50,18
3,0.3967882425107589,0,17,0.1128599254933082,0.72,1,0.2587144250576356,2,50,19
7,0.2467083483157653,3,20,0.6492142126443702,0.74,2,0.6577902132011675,10,83,20
9,0.7309770939411765,5,11,0.5846268857378031,0.77,3,0.7285219375139743,6,82,21
10,0.9635519476083804,1,2,0.325355412109454,0.86,0,0.1130645413607557,4,50,22
5,0.4392421951381369,1,10,0.8044582693681028,1.18,2,0.813681596981456,6,97,23
5,0.224690389598119,4,1,0.0947870364441535,1.05,4,0.525842940983711,8,86,1
9,0.9917889806036488,0,0,0.3051435417397671,0.97,1,0.5880171413197948,9,88,2
6,0.2456313875886104,5,3,0.1759852915497598,0.82,4,0.585490493478777,1,92,3
1,0.5923043865652455,2,7,0.762584238411138,0.89,4,0.0929118464384851,0,50,4
10,0.1726102806366819,5,14,0.4824827941853382,1.2,3,0.0606740489267977,5,91,5
9,0.7088971007639375,2,12,0.6907417815894136,1.02,2,0.0820295633180814,2,81,6
3,0.379848449840274,4,13,0.0954832030713647,0.86,0,0.4654715812554719,1,50,7
1,0.4720171476073898,5,17,0.7944511537430943,1.26,3,0.0799124221148217,9,91,8
1,0.2698842443987859,3,0,0.8962822273565716,0.93,5,0.4291022123404105,0,50,9
10,0.5625699554252644,0,20,0.1091762967033636,1.1,2,0.4657294611786823,1,90,10
8,0.8007990448997933,5,8,0.9132617464117688,1.16,4,0.1516903952189676,3,80,11
6,0.1433923477187478,5,0,0.2080968767628944,1.21,2,0.6951544323833858,3,85,12
4,0.0398564382536293,1,18,0.2900593090205224,0.77,2,0.1589167373534153,5,93,13
7,0.5245006205811663,4,12,0.9008433592619816,0.7,0,0.2135631356713706,10,85,14
3,0.5505330799656137,2,9,0.7984134672886589,1.23,4,0.660434147054482,2,81,15
6,0.7132011381986855,0,3,0.8848237691947128,1.13,4,0.8388000122106122,3,98,16
8,0.2072939321377022,0,1,0.0802233744549134,0.98,2,0.4354512066479337,1,50,17
9,0.3373634098152519,1,6,0.988295810960348,1.26,4,0.9009861954362784,6,82,18
4,0.6662769661282351,5,18,0.496079237976112,0.8,2,0.0127714634821681,10,97,19
3,0.9424007207590326,5,1,0.6157629865150558,0.97,5,0.5128433521043895,4,83,20
5,0.7491523268766421,0,10,0.6550095627751917,1.24,2,0.7728848239900169,7,86,21
10,0.324976879198117,1,19,0.9298903495875211,1.03,4,0.0584090475203452,9,81,22
2,0.966961552412784,1,20,0.2593198757936394,0.73,2,0.0242433994687339,1,97,23
2,0.0157602611408702,0,9,0.0954535189463641,1.03,3,0.5503472073925415,5,50,1
10,0.1954538750669362,1,1,0.6935537112454369,0.89,2,0.1703871245062573,10,89,2
2,0.0772994534129178,5,0,0.951580653113852,1.06,3,0.2595712924446188,4,82,3
4,0.464302490380212,5,5,0.4761502669794653,1.02,5,0.2243464591121934,0,83,4
9,0.4954046674538146,2,19,0.3464690687035892,1.15,0,0.1179118613890835,10,96,5
8,0.5390031250017652,3,10,0.7408502657180361,1.22,5,0.7876937219967807,8,81,6
5,0.2485588391607913,4,12,0.39047479438265,0.82,1,0.1810866600924537,2,93,7
7,0.0348610993989649,2,18,0.6923705752077942,1.17,3,0.9597526890082596,0,96,8
10,0.653387653263567,0,16,0.6444210248989684,0.72,1,0.6345155313173998,1,85,9
9,0.0074283527903423,2,12,0.062218693001311,1.11,1,0.06124285613682,1,50,10
7,0.770413561267295,0,2,0.0553743304723419,0.89,2,0.3995982769392131,0,50,11
9,0.3040059025335597,1,4,0.5226605988207205,0.92,2,0.63007870847484,9,93,12
1,0.9151886304020248,0,17,0.7487621854769351,0.86,4,0.4793654580775301,5,93,13
2,0.1501708825260679,5,6,0.6300680110648094,1.1,1,0.8446681594344532,6,88,14
6,0.9329058604957612,2,1,0.8381527044233134,1.16,4,0.4612983549874253,9,87,15
1,0.4255239932820646,0,14,0.956388562822061,0.79,2,0.284068417791844,1,50,16
2,0.6281860015685065,0,7,0.0270717407067446,1.24,1,0.3275149442881577,7,50,17
9,0.506183271642439,4,3,0.4749445694866668,1.11,1,0.6192076919675173,6,95,18
8,0.4442676496688554,3,8,0.0578706441508598,1.25,3,0.4679634388721611,0,86,19
2,0.4617621629268106,0,3,0.3349167482309116,1.03,0,0.3391680450549883,6,50,20
5,0.9073971840417988,1,19,0.0102917363609896,0.83,5,0.1627572451950879,1,99,21
7,0.0567520306370941,3,4,0.7911085869638269,0.9,1,0.946615684702322,7,96,22
6,0.0116855871922961,2,15,0.9184624286336373,0.71,1,0.4900951546097428,6,88,23
6,0.987036376831929,2,16,0.6096788374242977,0.72,2,0.9657535649080444,0,90,1
5,0.7303414727810666,0,18,0.4267956215158918,1.04,2,0.4858957996931069,5,80,2
9,0.2690987122580953,3,6,0.7839207511973122,1.04,1,0.7354611710552198,9,81,3
5,0.848635893067792,2,14,0.109783437806627,0.88,4,0.9797639346471454,3,83,4
9,0.8118145674472604,0,19,0.8922436294826469,0.95,0,0.9138158792648974,9,92,5
1,0.4330474345034881,1,6,0.0493502103681189,1.17,2,0.5210149604693708,6,50,6
0,0.1768920780272167,3,7,0.5386573658785989,0.98,5,0.7753816026348948,7,97,7
8,0.2429721098176885,1,19,0.1622752757360221,1.11,3,0.5971749523181016,5,80,8
1,0.7112025036816981,4,15,0.7065107192481535,0.92,5,0.8294264637370447,10,90,9
1,0.0502091456841826,3,9,0.079994331815267,0.85,5,0.7602888860507216,7,86,10
9,0.5190277868006447,1,9,0.559935174780971,1.07,5,0.7343716962792183,3,82,11
7,0.3056110474933191,0,15,0.6161151169521321,1.04,0,0.0030608605160287,2,50,12
10,0.6199921861574716,5,11,0.9300744417450004,0.79,2,0.9274688804508872,4,83,13
4,0.682762370413344,1,13,0.7182247391425332,0.79,1,0.244294346839026,3,94,14
10,0.2826408723603768,3,9,0.210106761636803,1.25,2,0.4553419676887653,2,96,15
2,0.1915375898143888,3,2,0.9169969193021176,1.15,2,0.8201855813177192,3,92,16
9,0.5941126314411425,2,15,0.9186579871403896,1.05,2,0.9478366421852624,9,95,17
2,0.7065962898245272,1,8,0.2478156721615994,0.83,4,0.1923967215925184,10,98,18
7,0.5743500086633048,4,16,0.8919701678107029,0.93,3,0.9710347668066576,3,95,19
9,0.6187562217507787,1,17,0.5468358050035139,0.76,0,0.1180247073233781,5,95,20
10,0.6296797797721931,3,10,0.2402544882956292,0.77,2,0.4464575903053138,0,89,21
2,0.9784748444310932,5,18,0.2224151784127366,1.24,2,0.1692514457627976,1,91,22
7,0.3963828494105212,0,12,0.1636862923302745,1.12,5,0.9405904383702972,4,93,23
8,0.2321804286996924,4,0,0.1406094732776939,0.72,2,0.4464170756490306,7,94,1
7,0.9343654217657104,4,15,0.8083011634368376,1.0,4,0.9709604870560604,3,98,2
7,0.8745874204301287,4,3,0.9111551562620064,1.29,0,0.4496675579615444,4,81,3
5,0.1838212160657708,1,11,0.1709848156754244,1.09,0,0.8481643897547541,4,50,4
7,0.753673030182596,4,10,0.8898939468789261,0.84,4,0.2212799686937661,5,85,5
0,0.7132220897100271,3,14,0.3062199726565796,0.96,2,0.2516411058106849,7,96,6
10,0.0517758966954777,0,15,0.9623248329413412,1.1,3,0.6437798289724128,7,82,7
10,0.8393967366513996,4,16,0.3393265376649752,0.98,5,0.8983467422771632,4,99,8
4,0.3038306537628128,5,14,0.3771485935901408,1.01,4,0.5921546876347156,8,88,9
6,0.5815304035140735,5,17,0.2476624520449741,0.77,5,0.9648988986631044,10,87,10
8,0.3574915154843322,2,13,0.3599192701899804,0.99,4,0.5192436062325024,8,80,11
3,0.3219001657643848,3,11,0.3556069986854948,1.26,1,0.884581853754729,10,90,12
8,0.9239582295226249,5,15,0.4853348033773346,0.83,2,0.5233804575707647,0,84,13
5,0.6581691359101726,1,10,0.9026421802532274,0.7,5,0.565558522473322,6,90,14
2,0.8248370050235669,2,11,0.1048757823376684,1.03,4,0.2559531825797903,3,90,15
1,0.1364908996278329,5,10,0.1109318733959446,1.13,2,0.8119843936452555,9,81,16
3,0.1809083826478573,2,14,0.4449081353245617,0.81,0,0.729522026459123,5,96,17
8,0.1679959807298244,0,17,0.2185078530807109,1.17,0,0.330227558738315,8,96,18
8,0.7450882255994414,0,12,0.4047102959612618,0.91,2,0.2876519701633228,7,86,19
7,0.3287434289696093,0,2,0.1648309751973846,1.18,0,0.7373998376069018,7,50,20
1,0.9047344336449143,5,15,0.0803836672033364,1.0,5,0.7258803566303993,4,91,21
8,0.4865479674154253,0,7,0.8802476479129846,0.89,0,0.1337643150693076,3,50,22
8,0.4109465499658515,0,6,0.5095487989370304,0.9,5,0.9019913368929028,1,98,23
4,0.0713926474281643,1,7,0.1830408848728824,1.05,1,0.4937421351612283,3,50,1
10,0.1374917970313117,0,3,0.7021485333338454,0.85,4,0.7068476281050615,7,87,2
3,0.7826795954532594,0,7,0.7576210181649118,1.13,1,0.3376546882741424,10,92,3
2,0.1630708423786679,1,15,0.2381935110599879,1.13,2,0.1850165089900708,7,94,4
4,0.5263355162614904,4,8,0.0679507315283561,1.04,0,0.0990520327325954,6,96,5
0,0.5964844100491342,3,9,0.5160769056362411,0.8,2,0.2628557769659432,4,92,6
8,0.3773114041733086,5,20,0.8373305415265587,0.96,0,0.2568953811987525,0,95,7
7,0.0030718034168835,3,7,0.4375036569332431,0.7,5,0.5018884968092402,9,86,8
8,0.0469450860859892,1,16,0.4806661218759156,1.25,3,0.114870531642137,2,89,9
9,0.0340256886877654,4,6,0.9321306037431653,0.84,5,0.272299680656087,1,90,10
10,0.6057335674138666,5,19,0.094837891873025,0.98,2,0.8575448041696022,2,100,11
5,0.9190270802387648,0,5,0.2680135041725504,1.19,3,0.4426350417825525,3,81,12
4,0.8338934458363029,5,3,0.6601894918935107,0.95,2,0.0694540784575016,2,89,13
10,0.6221489707467623,3,17,0.4165759803129452,1.18,1,0.2999818832173448,8,98,14
9,0.1707086427612894,0,14,0.7401543422485423,1.16,2,0.0220425664447622,9,89,15
0,0.6667286042593521,5,8,0.7044528792699669,1.29,2,0.5804620839509115,1,99,16
8,0.9062981184027844,2,4,0.4778586300731978,0.95,0,0.0428212491839826,5,89,17
9,0.0614139700007578,4,10,0.4140215874060292,1.0,1,0.1469076171415239,3,92,18
0,0.8637762045114817,0,0,0.2077043723628115,1.03,3,0.1114344605618794,3,50,19
9,0.0910476417645652,2,18,0.6940671977232118,1.08,0,0.2795827238808883,5,90,20
4,0.4591481445522086,3,19,0.0785004098071463,1.24,1,0.7117004901644419,2,90,21
4,0.5069518561730396,1,15,0.6952014921655528,0.94,0,0.3500187223348253,7,87,22
9,0.636845793999806,1,7,0.3145326446675885,1.3,1,0.3611086102932339,1,50,23
4,0.1185159769936895,0,20,0.1843069124941607,1.16,4,0.5918612335196719,2,86,1
0,0.3860848830702927,4,18,0.2706480365019074,0.75,2,0.5996033070406304,2,83,2
5,0.604302453318793,3,15,0.1509971637374546,1.22,0,0.6357875927285604,3,96,3
7,0.0483313050568732,0,9,0.4580888122046047,0.86,2,0.4373464231544948,5,50,4
2,0.5107247715640726,2,8,0.7324288034994889,0.92,0,0.0830757673357696,3,50,5
10,0.7187267643760241,1,7,0.985129441071706,1.14,3,0.2931913345890707,5,94,6
1,0.1133432847910214,5,12,0.3327192269777057,1.19,0,0.9015153166845864,6,100,7
6,0.5267408888220173,4,5,0.4181367274283712,1.2,1,0.3258645798334941,1,81,8
8,0.4551222868993297,0,7,0.9501376606705648,1.1,4,0.761018003108713,10,83,9
7,0.3683724522738525,0,3,0.4276706527852569,1.14,0,0.3974359708616586,4,50,10
9,0.643807899104207,2,8,0.9890069410823562,1.28,5,0.9681287973374264,5,100,11
6,0.4472574515234646,2,9,0.1977753607379236,0.89,2,0.9991245662465552,4,91,12
2,0.8967898521449139,1,15,0.0928534380548835,1.11,4,0.7083692578587693,10,92,13
2,0.6218800003387923,5,5,0.1897666985759457,1.04,1,0.7022615463847377,6,80,14
4,0.6097600190582241,4,3,0.6014523093316548,0.98,3,0.6813033204092125,3,88,15
7,0.798525002123964,0,10,0.8260266248117071,0.77,4,0.0198182321068275,6,80,16
0,0.0246675079464314,1,7,0.0631236394890717,1.12,1,0.0466868332476577,4,20,17
2,0.956856952160678,2,4,0.8057284504339969,0.95,2,0.900336495900243,5,95,18
3,0.9544309007241496,4,15,0.7549596891607663,1.03,4,0.8958055188726957,2,83,19
0,0.7439816113214398,1,20,0.018315364166329,0.75,3,0.7414062865386329,10,99,20
10,0.9534089575455986,5,8,0.4346963133514249,1.14,1,0.2502288038745088,8,88,21
3,0.7444656374893666,3,0,0.5966735191530972,1.0,1,0.3934293667028045,8,94,22
9,0.6314538629983539,1,19,0.6077538634405172,0.82,2,0.5877172992150116,10,82,23
9,0.0659670768550635,2,17,0.2363442239912627,0.97,3,0.63094156884609,10,97,1
7,0.0260108230059228,5,16,0.8434270543501614,0.72,0,0.5728522742596663,6,84,2
0,0.8801737170187883,2,4,0.0067727145199805,1.13,3,0.4579679782688498,5,94,3
1,0.6314132119425031,1,3,0.6234072655147804,1.29,1,0.2541434594268744,8,50,4
5,0.1644926578595338,1,18,0.9681697781236864,1.11,2,0.7093293080766617,1,86,5
4,0.5297530066367767,0,4,0.9764829827781762,1.04,3,0.7000339849792884,3,85,6
8,0.6772752678914462,0,20,0.333541169414853,0.88,0,0.0459534072966012,1,50,7
3,0.5283298709565235,2,11,0.5298795056766765,0.72,4,0.7310826823210115,1,99,8
0,0.5705470867044506,3,12,0.8293320013317863,1.21,3,0.9311623708864925,0,80,9
4,0.0361382872711703,0,6,0.8596168767774773,1.16,1,0.9995287458498586,4,50,10
3,0.2035675075315489,0,13,0.9130222653439698,0.73,2,0.6144286625989974,1,50,11
0,0.5659391711742077,0,11,0.9907385937916668,0.89,1,0.4924484464318075,0,50,12
8,0.7481026736377421,2,2,0.8665239181220324,1.15,4,0.8646140503631591,4,91,13
9,0.6717673449208016,4,12,0.8722878295631866,1.19,5,0.297141838704157,6,97,14
1,0.6976591189097583,1,20,0.7127364398198813,0.79,0,0.6767597041884859,7,87,15
9,0.9357809060373024,3,11,0.79264987178992,0.75,2,0.813839560716427,9,95,16
1,0.9946549405442302,3,10,0.5530773491102535,0.81,5,0.1963071387187179,1,87,17
9,0.4436851828663638,5,10,0.9793730670972494,1.11,2,0.0865762344247411,7,100,18
5,0.6403088697052841,4,19,0.9286503488215896,1.09,5,0.8001319840511122,9,85,19
7,0.5157046416406361,3,1,0.8001229992111372,1.28,1,0.568976504550266,10,90,20
7,0.0053327689351149,5,12,0.4113291973330114,1.18,0,0.3687927897124163,8,98,21
10,0.4395591076281792,5,10,0.92477559086078,0.95,5,0.765717638166915,2,92,22
4,0.0762162210813688,3,9,0.1276970903468358,0.71,4,0.1525515848288551,6,96,23
2,0.8121292514314279,3,18,0.0204670494971942,1.19,5,0.8896886614967631,3,84,1
3,0.1646771555332956,5,0,0.8025043617058478,0.93,5,0.9651182553923644,3,80,2
10,0.7232043843788313,5,4,0.2220233571172616,0.97,3,0.2167735633212006,1,93,3
0,0.177384402485924,0,0,0.7057707535663363,0.74,3,0.4203480787093545,8,50,4
7,0.0423177610484784,1,16,0.7750537718335878,0.73,3,0.3400143167991371,8,91,5
8,0.821317240488311,5,12,0.2461766079623532,0.78,2,0.3089839666167273,8,96,6
10,0.2295295304207356,0,11,0.2214986304252337,1.26,1,0.9842726546821436,5,87,7
3,0.0931584412715492,5,12,0.7898149442407598,0.84,4,0.636880927316912,7,96,8
9,0.2549734180509018,2,11,0.8804479808976654,1.12,0,0.7165213649255843,2,97,9
10,0.6871280437046403,1,0,0.8934767061648179,1.28,5,0.3759534036410854,9,90,10
4,0.4601217097144101,1,3,0.1567434315378574,0.76,5,0.1602183173556018,10,99,11
1,0.2322864130798178,4,6,0.9304459994847064,0.81,5,0.0077269187311543,7,93,12
5,0.5013595110330756,4,12,0.9560903592389944,0.74,4,0.9152784321008136,2,99,13
3,0.1409608917090423,3,13,0.1207620058054851,1.25,2,0.7116948607772471,1,89,14
4,0.2650748839117008,1,15,0.6932819713066514,1.24,5,0.9193528943984496,2,82,15
5,0.4350573257261249,4,20,0.9762211514339096,1.26,1,0.91411454226051,4,81,16
9,0.5291069606883478,1,15,0.4832366848645917,0.88,2,0.2643492167409723,2,99,17
7,0.5230686445969489,4,15,0.7531303294127066,1.29,3,0.7963925871170864,1,97,18
2,0.1707246711792724,2,16,0.5018682084640134,1.21,1,0.6923703321555664,3,81,19
4,0.4412659626273946,3,15,0.2849680998346398,1.26,0,0.4221288671538117,6,88,20
6,0.5476375388240848,5,19,0.4575452725099141,1.14,5,0.1543679752732938,1,100,21
7,0.8047633189964585,3,17,0.3143632627186435,0.77,2,0.4987459503966639,0,100,22
8,0.2705295500932372,2,9,0.3524327508721366,0.77,2,0.6239289372451695,6,94,23
7,0.2401914798225874,4,7,0.5665665258846401,0.77,4,0.149604214373478,8,99,1
9,0.3226970415068761,1,16,0.4700691504536712,1.22,2,0.039081262323064,8,82,2
7,0.4662758918572417,2,1,0.0607514781363768,1.28,5,0.3808776592465909,9,89,3
6,0.389095995644961,2,18,0.1102052912186373,1.26,4,0.0035497239633325,7,96,4
2,0.4682288578603282,2,0,0.0087061006112384,0.9,0,0.390681755278304,0,20,5
4,0.7810680556798816,0,9,0.7594500060289393,0.92,1,0.1488050076438388,7,85,6
9,0.882920853507471,0,16,0.0786121984217839,0.83,0,0.7670769790325184,10,88,7
9,0.3836536711102836,1,7,0.8681913543997569,1.06,3,0.2103936590253686,8,100,8
2,0.7785980223655099,0,14,0.0442406661561253,0.82,2,0.6224817978962996,7,84,9
2,0.7839288187139015,3,15,0.98827911756266,0.89,1,0.2567138951569739,10,99,10
8,0.2572248243792261,5,19,0.6438291445725302,1.22,1,0.9258827728475324,2,100,11
7,0.5868645172177556,0,1,0.168564605258349,1.1,3,0.9364444947803242,1,50,12
9,0.951332940928644,3,5,0.7179505085035549,0.84,1,0.2124476744982639,8,87,13
8,0.5882693531981763,1,14,0.593213136316411,0.73,2,0.8900832237087358,3,83,14
4,0.4786656682673703,2,7,0.5073220282898748,0.96,2,0.2055930634263816,10,85,15
0,0.4566299638403034,4,15,0.7353226823685574,0.91,5,0.5496511096188699,8,80,16
5,0.6402562937763192,1,17,0.8870474385131533,1.09,0,0.0350677995725094,4,82,17
2,0.7836950799195588,1,10,0.0969769392123564,0.99,4,0.647357215349334,4,83,18
8,0.1338453615276865,0,20,0.9075875686980605,1.13,0,0.0639654980274299,8,84,19
5,0.6228396480099782,4,13,0.8239839719149563,0.87,5,0.8502156525703272,5,96,20
4,0.6678153444498613,3,18,0.4815540440518803,0.93,3,0.4191235399996551,7,98,21
10,0.8551402108010699,4,5,0.3637572152624443,0.75,3,0.6173094513813822,4,96,22
10,0.8640173984192352,5,10,0.9015268665501834,1.06,5,0.563980661275089,2,80,23
6,0.5381369880758577,0,3,0.7957399351396276,0.94,2,0.5159909493810729,6,99,1
4,0.9987173188492098,5,5,0.4002918509870418,1.13,0,0.8828550209625319,9,95,2
0,0.9129252945336482,3,5,0.3064097836604054,1.1,4,0.7265697449322307,5,86,3
2,0.163265942043308,2,14,0.3486834589702802,0.96,3,0.603582202717919,9,99,4
8,0.2161624042683295,5,19,0.4388833808467708,1.0,2,0.5154102917588466,3,86,5
6,0.3919855683956321,1,6,0.3257900815793388,1.16,5,0.3684235254930703,3,84,6
7,0.92077910721913,4,4,0.6443767287213996,1.19,4,0.7772465523968876,4,98,7
8,0.9757765572935968,1,1,0.4316153243636239,0.89,1,0.0327254651850495,1,50,8
7,0.7210223742216527,3,4,0.3976897359020693,1.06,0,0.2603968995215064,10,88,9
6,0.5397403155353326,2,2,0.6016986128757701,0.87,5,0.317447378373472,2,87,10
9,0.9712864962727594,2,13,0.3969496766808125,1.04,0,0.3724563359369347,9,88,11
