vibration,temperature,pressure,voltage,error_code,maintenance_gap_days,machine_risk,machine_id
4.621780831931537,87.04285838459498,103.29984854528512,243.94633936788148,2,122,67.47739298572955,1
3.0919616423534184,33.48501673009197,106.65440364437336,244.04460046972835,3,131,41.55846150827383,2
2.144091460070617,88.19459112971967,105.81106602001054,228.49356442713105,3,21,47.801514977089646,3
6.322370567394016,66.69918962929685,85.17665763049294,220.92249700165664,2,59,67.95371790559872,4
4.7990268020067886,32.79993979281693,109.34388797103648,229.31085361721216,1,51,25.578930461423425,5
4.677233938870139,88.99385314840728,96.6690723311995,254.39761626945284,2,21,71.0184801192698,6
5.153494763786801,30.79589766959199,108.55504389212132,242.5315287138216,1,9,29.051889742068987,7
2.1117637655415,43.85362953732894,91.0256366506503,247.33054075301837,3,8,47.21311000235512,8
2.2407196478065288,84.55922412472692,91.46949954000044,246.50089137415927,1,134,62.46023365206882,9
3.455591640077322,64.06201966919949,85.78283231138896,253.69139098379995,3,14,68.37209718469259,10
7.090903970994946,49.59244612835012,99.26109936013498,240.8333704010329,1,40,54.05198017478455,11
7.91173694074706,74.83920660824285,98.492303309727,243.47004662655397,0,124,70.29310971762186,12
3.931994274157804,47.776410342244944,89.13167347657506,220.62545626964777,0,88,38.482687089802894,13
4.764170627228988,47.60929048308229,85.35199556787711,227.9536961635522,3,33,59.08468952024843,14
6.241719823467079,85.57805271080093,101.27692563754862,256.59838702175125,0,72,66.83917582938189,15
5.146154718967424,35.72460698942468,94.27045630495664,246.75365010654428,0,99,45.08502688239517,16
6.1390845139540895,46.48330757940385,99.03108564619252,235.3170749901516,2,131,57.859346393669576,17
7.325495340318282,63.67663185416978,104.27417949886404,239.75182385457563,0,15,49.84307174411897,18
2.7762357456828197,56.36019011194621,90.0429800583849,255.8305438269408,0,52,47.17887372606074,19
5.942929003834686,71.73096518556764,88.48328636014689,244.1766951711127,2,29,72.49913425432777,20
3.601587158441357,34.61879458972758,92.2437863228442,226.44885149016017,1,45,33.4117329610032,21
4.069435800863998,36.32965558981624,96.41336426207276,228.73761748867332,3,30,42.65228221948248,22
8.182961812432078,49.46070126031644,88.05219886751684,234.251913523079,1,129,71.10974176983905,23
3.595546137793592,55.626467317575376,105.45036914806232,254.42922333025373,2,137,53.19974635564328,1
5.393809799512883,71.54616197341622,91.73530834496304,229.76502088991097,2,118,67.99610278743913,2
3.531349537011492,63.48612012104047,95.09590427645102,222.59568988435927,1,52,41.87880358976621,3
3.728132439870208,71.77825637038731,102.80676474811104,225.923477198136,3,81,53.1897808569649,4
3.867467099926995,88.59689734995916,95.27592533295578,221.32202931602197,3,129,68.29382505121848,5
3.676933234668807,38.693692325473386,97.23631900693908,259.426018164424,3,68,55.33826346173083,6
2.5659732843290066,52.17926736368427,91.05399845693564,252.12559025519585,0,116,46.60419210499983,7
8.883961986263902,53.92946654667318,105.4107968304846,251.93380499938203,0,124,63.38651136500637,8
5.55739143718503,71.74876840745291,106.458970120343,233.03835620807536,3,147,65.16349095374747,9
6.978046727066125,78.57006276838293,93.71664968229324,223.8470620436568,0,128,64.57467398050348,10
5.6242594536923605,80.26260635443967,101.89225292598202,249.40864476963088,1,42,61.78973261133356,11
3.805591394006089,69.59904276205074,105.4305550050304,242.2080324639785,3,113,58.75475148561009,12
3.6929660363031616,35.586166068353954,107.43039394883316,256.0167222865332,2,9,35.74509362054444,13
3.952099468145273,72.02146979836627,106.16652855595764,254.2529716751237,1,120,54.78672786049,14
8.214390691326718,81.05570692605076,108.39087485552368,251.41362604455776,3,84,81.57372406430682,15
6.064806350055183,52.33696599370458,108.50333606144446,258.9465534702127,1,128,56.063289842644735,16
4.137547022410754,59.1368252151736,96.21060357465618,259.7782985044328,3,68,66.78297206275818,17
3.6607436124776,49.52398188955606,103.6622851279506,245.9853159618886,2,145,49.73379712890009,18
4.1564255429667245,62.55241383329396,97.720351920969,245.4533047274358,1,38,49.70737058879072,19
8.852250007925063,59.20452917756731,107.65246969296383,237.37577462041716,0,30,51.929279300522,20
6.515723534213954,70.13544357978597,106.60418912679758,229.2074107296622,3,147,67.04563007467969,21
6.004029394464282,76.11324085837853,86.09009429386084,259.78202043189367,1,46,78.48682522747133,22
8.40405073154314,52.20952201532666,85.38641541322168,257.132742503509,0,46,73.38221198790477,23
8.766583733305687,87.81719862535516,106.325236386684,231.77795568278344,0,67,64.91335493690467,1
3.1864492268026474,63.40807574750101,108.40386935401952,247.8411918669989,3,24,47.322165428950505,2
3.4624310233075213,70.26861100944303,93.9661695324041,230.16654596278957,1,130,53.35233522585155,3
4.257855349670203,80.92018769548046,88.41553328605072,248.35643987640475,2,26,70.52783945841941,4
7.670793762754265,82.02433911480622,107.83101381391178,240.4536959544375,0,36,57.78553473666265,5
7.588066252767426,68.99783584666591,102.5491719314426,251.83170677744403,3,115,80.76217280150149,6
4.365966097960751,52.53497715839664,87.34954849602173,243.13120563984697,1,51,54.72399183966992,7
5.259186126927221,62.5586780824546,92.16353130320712,243.6333304227604,1,49,58.93239694429936,8
2.261437321244501,79.3560336395795,94.00476603528158,225.08242050607535,0,8,36.92088787385423,9
7.389954871690276,42.9492616498106,100.572261895475,223.41389859975072,0,116,45.05106807223926,10
4.87947733539675,71.97073264603162,88.45882731044503,225.3098168897188,1,124,62.3192085728354,11
7.002165729259665,32.464051006072545,94.97052253611986,237.34082950322968,1,90,51.99093407941071,12
2.1774552039082025,87.7589048806755,105.89950301280514,247.83896824374796,0,129,47.14674335057321,13
3.2130602404959205,39.38622256026516,91.25607245411489,241.96906658824483,3,89,53.27663100953576,14
6.621381637024119,46.79603381675657,108.87163201657984,249.51587666783075,2,69,53.37541686235316,15
6.282045223640465,55.176003745667394,91.19327473752894,234.23890714605045,0,86,54.95992767080442,16
2.100754420408291,36.964358430414975,86.15006605054381,221.6291520927588,1,144,37.62449986591509,17
2.6848391245570102,59.49695250700994,96.83679426951414,226.9280747964006,1,101,40.087347663823095,18
4.789533140781614,66.95100588313298,100.8773412716911,221.8121603908818,2,138,54.52908161245441,19
6.381019409999655,60.18817551480527,106.41224602970806,246.3477452647578,3,16,60.17147825311368,20
2.493981231803009,68.54515669237894,85.66278276354055,243.43102325093847,2,84,62.033951885440295,21
6.0283192451311525,53.29019557239131,101.08220546105883,238.33011561966063,2,101,57.709835813298426,22
6.381577690711009,79.22561062627608,101.2871192964447,228.26737439506985,0,141,58.75943115832431,23
3.502123837958619,52.63554499367855,85.97407830775585,244.7301553735157,2,81,59.763696290814345,1
6.590058447665195,53.1237972579339,102.04034172431976,233.6249827785696,2,105,57.78368974806919,2
5.472262180053843,71.57342152151637,93.70841511132994,257.46592607422826,3,21,75.6863727848723,3
8.773063860641733,62.87831299488524,95.58677355770295,242.74081134999832,2,99,79.38509903689659,4
4.888323738379985,52.32108514756699,104.41032401854991,233.63214161012075,1,37,38.72944300778438,5
3.670178018532381,70.79068679401475,103.49771901118436,229.5294460961592,1,17,39.06272570166188,6
5.740292314713944,59.79367144098466,94.74045215548009,231.90540698037245,2,100,61.78268653291611,7
2.0758635603620883,84.32291858515582,87.28216691965333,232.77254550361656,1,128,59.45698331635742,8
5.377646647498498,59.5815394663083,87.08211027988149,223.66816589033925,3,25,63.177810585213095,9
5.875921366420606,42.76367370145374,108.65486357204226,251.2518420188481,2,109,51.99150551208064,10
8.516503739811048,88.45489251206462,109.89828105075824,222.234846187094,2,75,68.2035208635327,11
2.819469114993241,38.57950092317015,104.0377657929368,244.72872253265044,0,7,21.596527526210203,12
4.982640325328588,43.35458505426183,94.9162900488563,255.67587635107105,1,5,49.12590961658394,13
5.593283180846751,43.99368434547167,99.53263543066956,254.5255408795601,1,145,57.218123023351055,14
8.63074004168701,89.16006382937226,103.83445463147352,235.05038342123663,2,19,74.91048066153911,15
7.440028411492057,63.504254984148304,95.6055502311744,256.2541754037894,2,126,80.78538931269973,16
5.448375730036014,30.681218686045145,96.71651604985315,222.2521310272735,3,61,45.60059720992295,17
7.759532463136852,74.65269941659787,102.02598567742272,229.5002588516988,0,113,60.76414384066543,18
2.58023925185348,61.70220727783255,95.9083957901639,252.08436996106937,0,61,43.06758145316742,19
4.258804717943086,32.604046997890364,108.1160832555899,256.76462861114635,3,147,50.859480355489794,20
8.785117749333693,61.38587065020893,100.73496595338156,247.8299475593847,2,1,70.07144641155736,21
6.392906560588444,65.05885871538601,107.52895026227472,221.8178552136583,3,74,56.02646902923483,22
8.65288038853591,83.41582703345497,96.39141881964282,244.80530391206148,3,122,94.0911263642118,23
3.3168481180663294,57.82190429639893,93.83380570065133,243.34624447403488,3,101,60.65722536578774,1
8.820763653663166,89.17264466877617,102.45404285049364,241.4438546537648,0,141,77.36532405674197,2
8.376490291456896,79.35223457539014,108.7449978322981,249.0287803355344,2,10,70.44770763454808,3
8.529099383478092,81.9638333700245,86.13046675265474,221.05467897989007,0,118,76.99124962013225,4
7.6738733154728305,89.23656775889667,88.7604222775882,243.7652286140854,2,86,90.6354593978734,5
7.8041495449456,64.14488814994486,86.58779573975004,221.4728747054397,2,129,76.98405477307897,6
2.095703753788981,34.52154362114774,102.2928599292228,241.3738510011785,0,102,23.275041635685188,7
8.3921602658035,65.10897193952832,103.1530211017962,250.28324808169825,2,145,78.52417869173264,8
3.687593826307423,42.30271971039149,91.28606098779495,230.9892718810364,3,113,53.98413968103807,9
7.2989939252056,32.8137880674732,91.71681205063268,220.88738968121208,1,118,51.70837381656239,10
7.819600430437508,48.46663438626297,105.40964338032656,258.7189506175929,1,57,59.62746747348736,11
6.129691279963453,58.80275802110851,95.51339446662688,251.3867305577724,1,66,62.4591344754541,12
7.635312672635533,84.18906352059759,100.4315928024323,259.2185090036951,1,98,80.62511646026967,13
6.456510251355978,63.28893651253354,87.27505227628326,249.05588130600916,0,79,67.31230019761759,14
4.775799476248891,67.32520201367241,106.55909271866864,257.9808249463057,3,138,68.64398615526467,15
8.486113376130461,59.52697758477229,91.45610970747396,238.36543024953045,1,6,67.22268465942804,16
5.448326657950087,49.72509661725049,100.83502135791817,229.60582475112773,2,111,51.33150027231217,17
2.902158053374545,37.682750337466345,88.79756733780737,225.5530869059764,3,132,49.91189135075905,18
3.2731605907940136,50.740036999431794,107.4197102476503,238.9584656105149,0,61,27.33840768756044,19
3.3460231316606954,32.45211697598873,89.22337657680411,231.1436135612784,0,22,29.057206461624855,20
2.6209177362993894,37.238152266036046,96.51946920081816,228.2533487362317,1,78,29.756403205659065,21
4.310696593171087,49.29496588080174,87.30726465571865,239.2458157622517,1,56,52.0472570359082,22
8.11505036874744,85.25234403190879,86.52694899637159,231.07510592588812,0,8,72.69410759494276,23
7.237817832685608,41.07126116138264,90.23373308341776,234.81888411165528,1,14,54.36424460388904,1
6.327783400712072,52.134818374186345,96.5633679033287,249.89883752535025,1,56,58.46518721782991,2
2.931818500112348,71.22993032419987,106.11101681584071,249.9846492803435,3,18,51.72807552016387,3
5.131886567764182,61.95703598730139,91.06176259086824,230.76972923797524,0,28,47.793707724292005,4
2.1404983844440846,49.3247499349907,90.28620017491362,233.09989408711655,3,25,46.00428188231574,5
8.233690965179264,65.61554721324292,101.97755797861224,251.56684954429352,0,146,69.54448529060167,6
2.6084420166119657,62.22639250911287,99.67102795052196,249.8175789673732,0,83,41.01337527376711,7
4.651408381659025,50.24681003231508,107.4911849286253,244.3022088917429,2,59,44.85306335017332,8
8.905606741550859,66.34648916141323,90.93066979339986,224.07129890481616,1,70,71.18869586896442,9
3.721704098691557,39.64088239557334,89.66417560128265,231.4038067477539,2,55,45.60751989907239,10
7.896198247087272,33.09812867247077,85.45606203570902,247.87845849465683,3,6,72.04988031273737,11
4.784989193320191,88.16822599652212,106.6376781473495,252.6828828379712,0,94,57.38503401628272,12
3.1962131117304606,70.11859319546586,108.23439972818964,242.2705157205572,3,26,48.33996506580332,13
3.959853655621989,76.16957599151621,89.67609371393809,232.94716945616972,2,20,60.08434304785347,14
3.696868126905562,36.89020948435221,100.26550106104082,231.54522212961024,0,126,30.66027004070368,15
3.080539006919416,58.86840611128905,98.31473581378964,222.07294147289707,1,10,32.45161507256786,16
5.840221825567072,62.93531879333864,90.04326155825589,247.38286191519333,3,65,75.74844034029516,17
2.9717734140941428,30.16265396485978,87.91740160354203,238.9266480420757,1,94,40.26275408823028,18
2.7468947507940524,81.04364760098728,103.64936313871794,236.34073171743668,0,120,43.67744788687885,19
8.936506335201734,42.30010860319423,94.480714624095,257.0579769435884,3,60,80.16509919962229,20
7.892801437307904,38.38634259757737,104.88168279649726,228.06509280190977,1,35,43.20156961525709,21
3.149860585516951,78.87448321388293,101.629930517405,240.9226169907648,3,89,60.76771223466047,22
8.140403785691758,53.546706445358126,105.41498598678945,237.56539634280875,1,32,53.51551208241418,23
5.238758499687245,48.08267244984852,103.69023450440628,240.1088156036992,0,145,43.67012533872058,1
8.297022012921978,53.03347328239269,98.58882152784972,256.2588844385819,2,39,71.91054217475578,2
2.8182862849585484,86.3899274168085,100.69270132678544,233.39622458628344,3,15,55.47216747001573,3
8.150403807614069,59.72541758423794,103.53652277847614,242.92603397029555,0,38,55.045841970715536,4
7.266821840271759,72.41882767460754,104.46429847626878,225.7251194219388,3,86,67.55541946779651,5
6.998448575565299,59.63888922785176,103.86588229650292,224.1166412297658,0,47,43.35582760227317,6
7.925166042141627,37.649319739918944,94.9321822640092,251.89181463118211,0,47,55.7278033191544,7
4.862686239598453,76.3129188358947,85.30507680795111,243.9377080482091,3,36,77.69828389923845,8
7.013253523130665,65.9417618866396,105.66997069522697,258.3629917825611,3,38,71.8445850570339,9
3.591456881209909,55.41581174522897,92.19824041189317,244.59801052610615,1,141,55.27611266918697,10
2.973813359001433,36.04767618095319,91.40038829634156,249.04382344249603,2,100,49.13114072021845,11
8.431253655825225,77.4050782274452,85.57556511969094,246.05468843952983,0,92,82.75802099832885,12
4.621047588042954,34.13529236203313,86.93302663721968,224.1698786420724,0,11,33.706716090127856,13
5.155875599828924,36.79428275044532,109.62102997405836,253.55592345783737,1,57,38.04277960558517,14
4.325024888584572,48.68665584273848,90.6848905219278,244.31577575177036,2,53,55.85433580349415,15
4.346380691521306,78.17120691588069,85.11580057511507,233.33996686764576,2,25,66.70376724626908,16
8.044626984290698,85.3776139079091,96.64250305797032,239.23347912356292,2,17,78.01143557164401,17
6.10947756895597,31.9708002146063,107.81873657197822,229.9290577102861,0,88,29.76828753062435,18
4.180312197929302,76.82974245276526,91.93967931573545,228.80388856324387,1,49,54.87296924792968,19
3.24625176808826,87.66421904816731,88.71656819382783,236.58496494908096,3,63,71.81394424367203,20
8.978119762921631,60.13170061987455,99.88462543300108,222.6830590955371,2,123,69.75954962808501,21
7.598474154519886,50.96321994295998,96.70579571103448,244.9990394820421,0,30,54.738138875399606,22
7.85595369304633,65.24721625404446,92.3511169805243,248.56236799159316,1,113,77.14661225038316,23
4.805341426127281,63.57841987849307,88.88100614826782,227.27712521981084,0,55,49.3046838144467,1
8.62280823493543,52.398558976785175,91.76861682858885,245.75998172956065,3,87,82.76129645671696,2
8.852520049311728,80.38733156739423,106.67484400028808,236.3193798145938,0,67,63.60922345180196,3
3.6175235761165,70.3135646159237,85.4927634438591,224.16434327938296,2,67,59.36364712895835,4
8.21222337759452,63.403295087001965,103.02032740776266,252.2125986943162,3,78,78.40531667914769,5
6.222381815238857,78.41100893775516,109.06623296387188,257.7763890230909,1,142,67.64700196860231,6
4.052034111827092,83.78014911126718,85.3250480877684,223.42034123417872,2,85,67.89208353012737,7
2.185725427116738,40.88612610538784,99.5760390242423,236.8569820236999,1,129,33.59238903295315,8
7.722104932169087,50.50904110187256,91.48558583578232,235.18769632669068,2,119,71.50899143181661,9
3.876445485760134,67.44893447094805,95.235291304781,242.0818872340792,1,53,52.27143992320286,10
4.061260316793424,86.9071984177294,104.09014485399402,225.6045270306581,1,120,52.37488721361302,11
8.897571185692144,58.263927161628864,89.55267847053958,239.39113468601383,0,14,65.90052174875429,12
7.191808609600659,71.93075118965427,95.06375108992452,228.72092429976345,1,4,60.20776706302093,13
2.9259334778773125,84.03433807418314,102.28054644024137,247.32735425781925,1,146,57.63924789249202,14
5.707631750585568,78.90326570414743,97.45226883777514,222.6870159966284,0,122,55.44536033156274,15
7.041418071426071,36.39472380772046,88.50046346651122,230.54735210538465,2,134,64.35876530182934,16
7.125292049213437,45.04383963369587,100.82745158393618,239.77095400553085,1,145,57.65261701940361,17
4.931393674244512,52.98831169496985,97.97294263207094,221.8786386710022,3,54,51.0677143489687,18
7.166235314984593,34.967920075507585,100.07880273665972,229.81396438725284,0,11,36.56150298014465,19
4.020856157394899,51.34036298789695,102.97614762960616,231.884868624927,2,54,41.22853764540744,20
5.332352815393698,69.8202699217589,108.42074348311895,249.30288388841,0,36,45.52527787169779,21
5.778899452357354,39.72083267349508,106.03824150775108,253.85631397258229,2,109,53.37782151471957,22
3.082704986182653,67.39995305429944,96.85593271750923,233.7753492817693,3,17,52.03782113911131,23
4.889554854247265,72.29553298133717,99.95715145670388,238.38726051044523,2,131,63.6697801198136,1
2.5443574085526994,30.140363437546696,109.19248470517716,220.2101527423354,3,19,19.382931268913875,2
4.202175897665876,78.44581510900568,109.05246964410294,251.60054235167425,0,55,45.89854733296351,3
5.649104671894985,35.20231271173102,108.95426982509828,250.33569655782725,2,149,49.952454001401605,4
7.313250918771949,73.44619975638832,100.93078949473716,259.2230720071995,1,89,73.77101233823738,5
6.526654433820144,71.59051268741548,86.28989516646774,246.7966985820016,3,10,81.41284036168108,6
6.117846298789518,89.96120997395009,98.8951645359295,238.9284047232533,2,14,69.54710367405353,7
2.843658051505251,73.8614202874969,89.81497569464076,224.6112808498914,2,82,55.2351855797143,8
7.215451836841543,33.292956878788495,96.37859212590392,240.8973830428468,2,17,53.59098008344623,9
6.551171453102597,51.88183496743835,99.01692985008783,239.24247535376347,2,37,57.09150279398719,10
5.711855928444301,56.4619297048897,95.11213624204626,242.89711037733863,3,4,62.69713208728268,11
7.535062153872745,49.12515017592419,100.64728441092522,255.43910992944748,1,108,64.66234621327328,12
3.630716323275436,31.464046893392283,106.75247184752324,220.85077643401547,2,13,21.38253413292633,13
5.702559938190484,86.34406191077377,104.96958089434165,259.9173644213335,3,29,75.27148675949886,14
7.370318022517888,54.11585481655453,96.99689050759773,245.1002185287348,3,121,75.9456577170289,15
7.377913897051627,55.066006930040025,95.53392505692676,249.50329206355565,1,3,61.32896644841085,16
5.271175365763568,47.82017258729293,106.32054554229754,248.6221326093697,0,73,39.9879248688439,17
2.766273190753806,53.497808432421365,88.1109389324214,258.256627902377,0,61,48.99893245800327,18
3.812878561212696,65.31325373839472,109.55826287700204,255.3679591252601,3,11,51.833042976089786,19
8.326067770226892,89.35109458880154,103.5838205723406,222.59945637931577,3,148,82.81574811162969,20
7.864780146982718,43.83415174830114,105.76606294376562,224.81355048139983,2,57,49.89123302913528,21
3.5434034634912277,41.18629572865527,104.48961183916884,234.0050103666692,0,54,24.53573224187751,22
8.78371841098568,83.02715309780554,108.19380707988032,259.7963129058574,0,123,75.73629770410226,23
4.773694132318611,75.49430854224548,102.4005154513448,226.1558362535942,3,13,55.0979153603707,1
3.5667233037583617,62.218465373604815,99.82349837104258,243.20344831351244,1,11,42.71471677108048,2
8.142226038412662,45.93600255532236,88.2378730320701,255.5499231947591,0,76,68.7714163826743,3
2.2479565789298155,49.74308192219226,108.28973720797477,249.4085061809381,1,124,34.95202190494178,4
4.608819619086198,45.58522702561957,103.08550284221462,239.83502940315083,1,37,38.110900523454106,5
3.54128241364868,70.99552581957576,86.9032714872575,254.0482765619508,3,45,72.93245167090977,6
5.3641060412865365,65.54446707957106,105.61702414812872,233.9123683160877,1,40,45.61797740298396,7
5.960123747970537,46.02169621016528,106.96574965887896,251.89704086427716,3,92,59.169789604443366,8
7.954072103659693,82.03765205758813,102.70907441787588,253.48053313454687,0,100,72.25441395464337,9
6.33027964750629,75.16299837345846,88.96512763232684,255.23483036795716,1,31,74.48388328418568,10
7.780717253953338,37.73219204840671,93.37797135647855,249.74033025166432,2,82,67.91316262963696,11
7.725769168833436,79.92805067746451,97.68669334402092,220.25543486867332,3,13,71.15546523971787,12
6.318488428630196,88.87117068164541,100.7953381754167,230.3921432425664,3,88,75.16491184425355,13
7.730755943498893,37.70692308559149,92.08357370663954,220.7371087495287,0,63,46.58115738308666,14
4.745058480116376,40.769839405430005,103.842470851263,251.55227927482977,3,96,54.410097476002505,15
7.395978759786929,86.83787329538028,89.1594396733068,250.83937170128544,0,138,84.24528311197473,16
5.31501721904562,33.4752276335279,86.86736044394635,254.09658636794592,1,29,53.88089303317858,17
5.1217081490722505,68.85441860411446,99.85989648071364,235.3444904162249,0,139,52.70102368353742,18
7.750590631852087,52.31001175432348,105.46964108392734,230.10034998753528,2,26,53.08647836470854,19
3.1125679829372954,58.11236500611506,108.60759087394575,224.0877447877488,0,39,21.728465513766487,20
5.689168673483035,79.5552459479938,92.4593607747498,253.59788658689888,2,84,78.69046088164052,21
6.5815784999679465,46.39557161989256,108.77158905626024,226.042315671236,3,21,46.115421735094586,22
8.36667157663473,81.44160552554992,109.1130118067552,250.4037631375239,0,131,69.56407269524765,23
4.183663933465914,49.244564426287646,103.11056681535293,249.83348048123855,2,64,48.34289662065589,1
8.076859694433717,72.89544241213486,99.06875715858456,238.86129840410047,2,72,74.53476658444217,2
3.114720167954851,42.22207495657645,87.27911226015479,226.1463215264445,2,50,43.684817477910975,3
7.327167936600992,67.57321929788492,88.28112194205968,221.30104717965008,3,122,79.48255624112971,4
6.316552201645166,77.79223745857058,97.03805878781375,224.69232755849575,0,126,58.94211751421146,5
6.798957010602799,55.818353693967765,90.01311816750842,239.66378186965747,2,117,72.48802965647052,6
6.131847572199357,55.99480493829934,109.6087851850726,225.98322570670263,0,18,32.29576838281547,7
6.763196384515277,53.73270503279812,109.36749629676724,248.8755051170774,2,45,54.636643269269214,8
7.299414873278563,87.15891828232301,107.695466324616,248.9714123250565,2,88,75.10256720817466,9
3.021454518246018,36.16754426955994,99.27261254610411,220.7347054776216,1,86,26.538230183929144,10
3.4724470594320804,50.76099405869037,104.3951183948239,257.64950016929544,0,2,33.696702769647054,11
5.739695441835115,82.952009149176,87.06271336101054,252.98056187587332,1,103,80.6748100060941,12
2.9290102783014227,64.05245089569348,102.23662422843164,252.0234679643633,1,106,48.45616159838836,13
3.172378075813488,36.274070420064014,100.91075623859092,248.25902905947603,1,9,31.10720438256288,14
8.55348572370583,33.118277019088346,98.53240838252675,248.36242077803664,3,72,68.99563056433985,15
6.998608524926994,78.10368498418751,93.48625481357016,252.5930045498605,2,84,82.49918289605918,16
5.871010168143709,65.8485517579158,104.59581383547156,239.2361532579594,2,41,55.79717988024787,17
3.1479963669264808,56.3164329893723,103.12066399685146,243.73114593240717,3,141,54.68781336909489,18
5.354952500034012,66.94452131653458,93.22543594536656,238.8073037078666,0,136,59.31097520666809,19
8.102829452811848,56.01932003738334,86.09154144268403,226.4669017658721,1,146,73.28155505949151,20
6.572841134661311,49.93887752130654,98.5619658929842,239.731073871352,3,35,61.7886695317006,21
3.543927874456263,55.10398732005916,90.08945700855608,253.61809625107733,0,94,51.87871561833683,22
8.725463860408839,54.95444196881645,106.15613230047624,245.1505927282378,3,108,73.92766713099101,23
7.374067216467462,60.29069291358107,98.5825130840822,240.559834712349,0,117,60.29676623919396,1
4.768606188943107,66.37132281367029,99.9430891313966,251.71824378422525,2,115,64.6267097151336,2
3.986981700260515,51.54906177997389,94.59617879669491,238.63251228080995,0,143,46.337994001196265,3
3.650544657714469,76.56001242212577,95.1327545771436,244.07421534648037,1,14,53.32872842121062,4
8.799765658291477,40.85861716256939,106.35962733423948,239.69111425792136,1,60,52.962742618315374,5
4.835145593562251,65.57510398990692,99.48537248358753,246.5048511603328,2,70,59.99127183312565,6
6.564862718713065,48.72888340178682,94.97614865342776,254.31945015690823,0,45,55.25627366942268,7
3.659194999758353,44.08044229569306,107.0927417415188,237.6809749513143,3,93,43.13385888331668,8
4.359022235019005,79.73300195295657,95.77218809154516,229.9485709035052,2,1,56.01180972224883,9
3.767694474527935,51.55504487497473,94.4839647480606,244.2215263057953,2,49,51.31966939306015,10
7.90919314278438,78.34020917700319,99.6338591099188,254.73085122053035,3,148,91.65051587925775,11
3.888247280618928,33.42521136535889,98.2792382000258,257.46422769179844,0,1,33.012021238813006,12
2.854769398070188,57.13194169700611,108.34687543819764,232.64624419907005,0,12,21.833114351479843,13
3.038402406734622,89.19780737753081,109.12796741090114,220.1975992373764,1,50,38.22110822146241,14
8.811684236492425,64.80673378172808,91.35561449743732,240.86920186544853,2,38,78.97053061942376,15
2.9775587832941905,31.79841539236068,92.69824853977975,248.18723050946588,1,124,42.617156665398895,16
6.714027033274421,88.19472276643623,87.34751789473546,246.90408472900504,3,102,94.4617916100178,17
8.076995780642537,40.62898736684316,102.31564880565412,253.5246115859244,1,114,61.79222266770817,18
3.70903103295662,79.85263148050232,106.61522089887592,250.74077458095164,2,72,57.13196224497,19
7.568572601874822,85.12066781961025,100.0152385636559,257.63501425352257,1,53,77.46652890320928,20
6.668800618936351,64.63111420270488,93.71434168104926,226.3714978097122,3,63,69.05661476132357,21
8.840219289549221,54.41447764337224,106.76883625843148,251.29541936233093,0,68,58.341971132173526,22
6.55358153454201,75.91145187334709,108.1418707720178,237.52689385647952,1,82,57.17087629287835,23
8.145238113289292,49.03174300592392,106.72251563851428,235.02689007526905,1,54,51.12369895778927,1
6.543522611560752,49.70287367310486,100.7552187082286,244.3932722199478,2,149,64.15840591018969,2
4.662937929629583,62.90998329908861,99.91213687463554,241.82747553981892,2,102,58.18067799599452,3
2.512371466379105,66.20691560288267,101.7053199638754,244.77961384038457,1,9,38.81019176663164,4
4.658500461254609,81.80001897430952,97.97704462840544,239.16727510518925,0,12,50.583007106394135,5
3.042942991791363,61.59742783613758,91.15174146994995,239.0678190016464,2,87,55.66438956048725,6
7.690900171012654,73.08738457358967,108.88809239887335,220.7293033070545,2,107,60.63899722152522,7
2.052940124846995,68.84848284927618,107.45076372374967,229.739291863052,2,51,35.50537757285409,8
2.421871732026926,86.06616160833086,93.79056718099086,224.05683313796865,0,117,47.457781060770245,9
3.99411031373346,48.43739789557719,105.0756474458166,241.56645106701015,3,106,50.32200404215706,10
6.272336483176429,72.96904045339161,91.81560001833834,236.54196406101408,0,94,63.23120352978364,11
3.268045446742762,70.86707123789897,89.53595869239068,241.0065353466824,2,56,60.44444396959166,12
7.553850807034861,41.11370679284458,107.94381222928445,236.9810970078545,1,7,41.91245716930492,13
7.710240504529966,52.41058098230326,98.16247985384452,224.4921737764488,0,119,52.898115997514125,14
6.465896440553084,60.910510220023895,99.83846422807868,251.74975401522065,2,10,62.72098847205368,15
3.2234140997916403,51.64635114663599,107.647277619694,250.7977880100672,0,91,33.76053133727296,16
7.463678606707033,46.48836213288817,105.56535796284196,236.9495301459505,1,89,51.12303711381047,17
2.668747196842677,67.43155948059439,96.29419196843072,243.46433852701892,2,49,51.49298257150857,18
7.158116214609275,81.7678246525937,90.4184950022694,223.82858222080648,3,37,78.24372828455975,19
6.493800503102862,66.42564216532685,98.66743531785175,229.277883844639,1,77,57.115087436309054,20
6.161334346303211,59.80601153155016,109.69463800537218,225.4575901022693,0,146,42.27768074445101,21
4.830231376730045,55.69197689553688,102.9399441414544,247.6974460529748,2,24,50.469140372971154,22
2.8987600261788766,36.246578963049984,103.10847042821852,243.1354766802564,2,109,37.9102639974159,23
2.5559355829229062,35.13949497578583,107.35477186660296,227.6746929887497,3,97,30.9848963537458,1
3.586594815588916,51.29977834991624,86.73559606865233,240.7623916363308,1,5,47.405353054643605,2
2.489521239966039,68.41009342968997,91.7786859125046,243.7124796661369,2,44,54.50471824511817,3
4.270336271807629,49.98011478349187,101.73717387995475,259.7655744488467,1,102,51.37741173426991,4
5.904483921590174,73.83903061435477,96.63014030709296,222.40569370403145,3,36,63.997788170419305,5
8.731660151683691,68.09760273546199,103.8709454985212,226.8191175269567,1,121,65.25105255887868,6
7.752645107307607,30.074200785564567,92.52132770883138,259.2494549737722,2,144,72.98659375911731,7
4.677683961708057,37.18974012105878,109.3541157157004,220.801054237033,3,104,37.2219495574218,8
7.380198633519559,44.619402963832,101.78896109032593,223.7171657751756,1,32,44.24551367201536,9
2.893994385446644,79.5640578151517,104.55070219175964,248.34978790971903,1,36,46.87370397810717,10
4.1218984916173005,45.78675419465057,94.00341018678796,223.50570987055357,2,75,44.783577978158135,11
7.777002757630278,46.78221230828875,108.55967547755584,254.9334664689539,1,143,60.53681458592027,12
8.94510610376319,81.08549746470575,90.2127628589334,257.2238085857567,1,82,91.3057489875055,13
6.39565036940845,70.4582283845429,98.31202981398566,248.8568826931493,2,80,71.20113723548106,14
3.483877436315669,79.1241002444562,93.06319944616038,220.9157529990448,2,130,59.38736431330408,15
3.5653010414741786,87.43937327367523,99.32603572327125,257.3092296190502,1,25,59.83830442744752,16
5.355481080964962,48.82366147164576,100.1592736108344,225.5679209847012,3,54,50.784376964583394,17
7.805326835988986,49.05188687260422,108.81993819003236,253.0080306966227,0,117,53.94031931036457,18
2.8523333778769238,58.694041382884336,97.65268887116878,229.3020543346152,0,12,29.77482718850573,19
8.760755128072539,55.94987269980792,92.7954033271315,240.24567451360977,1,60,70.14291707374838,20
7.960140462858857,30.019950367229363,85.44219524033143,244.10212655371456,2,31,66.3029797115947,21
2.429447389774677,76.84569516410639,96.495010594233,222.32655182021904,2,56,46.76931025556011,22
4.081485337657872,55.82023065053527,89.26661896374996,222.9851925734833,3,115,60.05189959555112,23
3.2443647149587376,71.49708333415916,100.45129185717964,245.32758504053857,3,17,55.893587262562,1
3.628518769938767,43.24815778713835,89.34381489155736,246.22894690246625,1,63,48.060235076700366,2
7.544655436323802,54.28790574511199,101.35189488429997,234.16944961779097,2,92,62.24813077251128,3
5.371443925744036,40.61322870863126,94.67696900839076,258.55289101929407,2,130,64.25364961683155,4
2.936626153956421,55.11483729743612,104.75844339650372,243.28592919119887,2,58,41.27076302514632,5
3.32786393722274,67.1368915804633,93.08750987278684,253.3721346381907,0,82,52.67575952819206,6
2.4523167589086032,32.557992557221965,94.28521419125352,230.63404546617252,2,149,39.49725965764363,7
7.910499579177312,35.88495484705467,97.20602842554446,226.00194658775936,3,112,62.735350898435456,8
7.161499541714598,58.56108776212599,94.39720712864424,235.77905114280145,1,42,60.2205440314883,9
7.495115806859398,83.52508133641406,108.8833671625982,251.4761354502118,0,129,67.14947060236842,10
7.662184231454296,34.585011566283086,91.98419284836793,257.21275539351296,3,21,70.94435432891416,11
7.775925371500927,59.727126207658905,94.65872274620789,238.0049772967904,0,79,61.431823420382415,12
8.22573641290191,57.03717940378547,107.0614860114025,224.22773919625092,3,87,62.68343229158138,13
6.761594454458473,32.50037403614306,87.11980040114508,248.65293552250728,0,17,51.630999724667696,14
8.695509788096361,74.25050156754043,93.8312852125516,231.8614232515062,2,143,84.04908981806645,15
8.59620772771235,77.03056060606043,93.87103400642226,236.4852372105109,0,94,73.21733202485807,16
7.813741194833879,34.12276995109607,95.6074221471222,223.30470653837077,3,81,59.78718173929315,17
4.068113442341942,76.15338887028801,100.6165892213566,235.27758558611583,1,49,49.59641190465078,18
3.7878943927965367,45.642797995195,86.7313576571465,258.39306072303714,2,114,64.79254868397624,19
4.255508524112399,37.514014225969625,96.85840274765536,224.5582653885727,0,95,31.353265020083345,20
5.6453769928394895,66.98998361370501,88.91596092434521,221.7494250351988,0,146,58.29213640946018,21
3.572309282906964,52.3300214302508,95.8019220736049,237.5761995877781,0,114,41.592181137786255,22
8.601530864212954,44.4415627099503,88.03753440752295,227.89881959439748,1,113,67.37495608336788,23
6.520675688586442,47.15440735434961,105.39867347421544,254.45479985453744,0,12,43.923605276714376,1
8.432485735476881,45.134461210401696,103.87604821865696,238.4215798909656,3,46,63.74774206437387,2
7.099434740131293,76.58684678998347,101.40404594202678,227.09715077878823,1,89,61.73743459909901,3
8.561716465479833,32.5904241478207,89.12037039323593,225.2691509381825,2,27,59.68062067706854,4
8.755908194888976,59.303647803896375,88.76690269274694,233.69534544134183,1,97,74.75264456840571,5
5.55852382841396,47.85290707912924,99.1255498214754,247.5554120820036,2,108,58.92236736402995,6
6.454039477854737,75.66729222258948,89.00179087386432,238.4622989767916,3,72,81.6387084626618,7
3.726752051651361,73.5877029067803,109.79524878373408,223.96712398348865,3,64,46.480047946961456,8
7.600496780894116,42.24213807773393,98.87712373255717,249.322851841187,2,66,63.397390381096656,9
4.487691980800176,77.02750706912383,98.85566285330042,220.2091845417165,1,58,48.11691225987713,10
2.247179484581673,74.74402696387392,90.06201400413093,258.3229392047752,0,20,51.35750954830726,11
4.2885213143665535,38.93328301994668,92.64010538725536,255.066030473128,0,132,49.36782686607219,12
4.697631181331532,68.60191079470707,104.50999440368186,228.6883639076484,1,37,42.7622135983048,13
6.641294031503445,30.11279301149464,89.45931460768324,221.16285521375812,1,4,42.07354290881692,14
3.2692349594785366,53.26041568502365,95.0581781171639,254.9704988244095,0,14,41.13214616528078,15
7.063833359286004,36.24824147521725,90.63596888659237,248.11773763914707,3,24,66.94095342178204,16
6.735275560584536,78.29933998084618,91.74551800320536,253.00197640720248,0,63,71.59808985894675,17
2.539407953940318,33.51305575463875,93.35595796740152,251.3958790844587,1,117,41.664209887880205,18
7.520304752706845,61.03614338649656,96.00497494888728,225.89810106825132,2,113,67.5313166260302,19
5.038135563217127,35.31602578077703,90.51529881778028,243.92901176254955,2,47,52.93006541727188,20
8.988432579750647,85.98679988061346,101.0641299883798,236.84992213176287,3,148,91.61234210075132,21
7.499561326561624,37.10017145540324,95.2476222424072,253.59209142542468,2,103,67.7935564727668,22
6.003105898590306,65.26616165173189,89.61190632834098,234.48941766609155,1,3,58.794408720482096,23
2.1833769597244537,31.451505833481317,105.79242609189434,230.9228323989125,0,109,16.11948329598921,1
7.478073578959366,33.3681662049726,106.3182004968928,229.0216531970293,0,93,37.409420332317154,2
5.232129695286675,58.85436004518418,95.87950998138392,257.4941317686346,3,70,70.8979925219957,3
6.418194521696945,32.99052166697649,107.59783325650938,256.37560768033586,3,57,54.54375634819318,4
2.049204426695334,33.4368150646574,90.63059255671224,225.25397632579623,0,31,21.175316134819628,5
8.458361406614529,58.3236260518199,85.33506566080413,231.30982758315048,1,86,74.18666874593012,6
3.8319397861513416,44.81872794431999,107.65636451302592,229.98184799398024,3,144,44.243741876199024,7
7.315787836925746,56.984390547032405,104.41776392387952,222.6146463025754,0,107,46.6050584914979,8
2.4385724241874818,84.38624720066466,88.48113427793987,241.2968272910087,0,7,50.20860191571394,9
2.604972275337825,44.20705855868312,103.31121829595224,241.93282334905695,3,143,46.621513508128935,10
8.174949299974422,53.60687079381549,105.69670938305433,251.50852062110835,1,57,60.35859231902376,11
5.461367919065651,88.77305042290541,88.62412680949542,249.00622910204456,0,49,70.56790608073375,12
5.247527406818353,88.32031977789222,100.21318181741168,233.98025488347275,0,117,59.090157968811454,13
3.5772185096586457,45.05799968041788,106.26540144602843,242.448911531301,0,61,28.50636176612629,14
3.5918664710296526,54.238672579592894,98.56364508488558,251.66799953813407,0,17,39.079648876230216,15
6.290301126033644,43.568823095396446,106.172968202214,237.14522187881903,0,2,33.66509809172627,16
6.649315401537922,42.96542719111845,87.43906275598249,254.47947633617088,2,125,74.63978551940663,17
7.244985988870435,47.4352535883813,104.67425337294164,224.4774370808612,2,138,54.88283658300181,18
8.8464327258147,77.63938298208036,97.4313982578672,233.5910988624754,0,20,65.67647424887386,19
5.813934313591609,75.50550107214667,103.8526920079041,220.71782714273968,3,79,60.75975645813402,20
8.157072984660704,82.23470550276042,90.96990528453848,238.0495737672395,1,28,77.01124887644674,21
7.404087334169932,31.63004527353359,86.6301147815123,238.5572550724933,3,44,67.42777198024719,22
5.770912585669,59.868750482057415,87.63684249891577,246.27120418897172,0,123,64.54859421117048,23
4.662940052552936,76.53671105551965,109.11191634752028,228.1506583651076,1,8,40.103193640592494,1
4.009965706592029,77.57126514203037,99.43983414702892,245.38329670201216,2,137,65.535701497348,2
4.771793308637184,84.90540410442259,98.3257216811535,226.31819291341392,3,12,62.26511088765714,3
3.162240193913368,66.80838831835058,94.07751841585026,255.8874536385848,2,40,59.18030491692101,4
5.549357727058087,65.88675776214109,85.83459004465954,234.5477249902456,3,124,78.21874035246982,5
7.742642552142813,48.78971968903694,104.96483180956878,258.71023508413555,2,32,63.1181811361304,6
2.8235079171152764,74.38381992513243,92.99167081101362,259.5366395764831,0,119,58.38881447262186,7
2.857037288512587,73.51113288164345,93.07527995965536,259.88312628326645,1,59,59.231937373286975,8
3.135633840477356,30.75645119854554,98.99389209095956,241.09598488490707,0,148,31.764737498607523,9
8.231806371124616,34.76439507858177,103.28741225850904,227.4964777639033,0,9,37.47415556126631,10
7.733444597031593,62.44762529913266,102.75606996558278,232.57400452734996,2,108,65.8021450157783,11
5.214856380212497,51.46789591952651,97.35531118125748,253.12997009748875,3,30,62.26240238988475,12
3.2163311519502065,72.72084121984685,105.64945531770204,224.0254991409413,0,34,30.26986289269985,13
4.435589881075167,57.021058734324754,103.72065842408266,246.04590339526695,3,128,60.02103718739264,14
4.466624626267581,80.4868531850856,96.78217918495412,259.1641975206062,2,33,69.06826794767267,15
2.8838531909515197,70.57065372452604,93.12760038579248,247.4530878674439,3,47,62.61854227381175,16
3.224170060231716,81.34423553434718,90.67948892558788,253.4816450097176,2,128,73.18523365943057,17
6.500173370410954,71.64903441058986,97.81636882862632,232.21242706786924,2,21,62.36678672705691,18
2.2323254819369835,48.23678407444343,101.32906976328208,257.5321927379393,3,145,54.27232380065912,19
7.362453435747118,77.30684059519791,101.62462258689987,230.41147430264013,0,134,62.23106500469503,20
6.695126183340839,63.6264378588264,87.77473673033703,237.882221752257,1,142,73.08569557117944,21
8.05194526665869,62.798893211267306,94.51001372426023,259.07201314042635,1,84,77.24710773862648,22
2.126000622616505,55.28664249475485,85.6793754022711,258.6497364282719,1,83,55.559587879956055,23
8.8094342602446,79.56234309999431,102.48288437815508,253.57843638003067,0,71,73.17320545174763,1
6.349411480774707,63.55108840975959,100.70595276158204,241.3070354704622,2,142,67.51199784716341,2
3.529102280183149,37.214833590700536,86.7085233883065,230.532631350128,0,64,36.40906086161057,3
5.970195459435699,47.02970682141122,105.6133702021758,222.96963491953545,0,78,33.93375150625473,4
7.202352391121224,32.88857015870121,107.57237487979968,254.09055497564725,0,125,46.55875840676824,5
6.15255099075169,83.53814988837914,89.63325448821786,223.1587664876332,0,62,61.71547673233431,6
7.562047950901332,32.080216003589,99.57017087708724,259.8175006476524,1,149,62.91286440370099,7
2.4454863650064964,79.88241086314258,99.97446270443028,224.59731988238264,0,137,41.57132326392463,8
6.684401840566549,79.75720795900534,106.97447250705667,242.87089408193287,0,87,57.605185146140734,9
5.012991872246931,49.01679526746716,95.8648990214678,250.95518622920625,0,147,53.5527626231858,10
8.247663029683922,56.60280086275127,100.17723946796885,245.2523021236796,3,132,78.98802078012983,11
6.734984536368746,37.90160630832232,90.85461117038714,251.4700134061775,2,86,66.4360262562929,12
3.838729498190562,46.29412588506239,96.82242832027262,259.3536125142175,3,87,60.76915043334901,13
4.848803367439848,83.4888009374104,85.07302581553405,221.5906385995428,1,27,61.83422650201689,14
2.980168682873224,46.60885846747834,109.28831727252629,233.25388028412203,0,99,23.26063190990692,15
3.372683989168751,66.64680426454609,92.01708038789936,228.27970313753707,0,49,41.91032419196957,16
2.0536482285445774,43.14412854611147,85.91803406252053,224.32103016522765,1,39,34.192600268967155,17
7.61809975705869,64.32291860215804,97.81669314891042,231.73955292832483,1,9,58.12776430062039,18
7.716775228155027,47.073738105773856,105.45516671870618,241.26397858417724,2,41,55.95771473502885,19
2.2076775614531785,70.52521245282534,86.12133920058922,238.02388075932532,2,46,56.70410247156171,20
3.156427575364951,53.39234117649265,103.24650772121196,255.2903422437939,0,109,40.60626583479392,21
6.255336498634926,48.56236307176693,105.59475960553236,258.20242045939955,1,8,49.35490769047293,22
8.040163520386887,30.126230590553003,102.93930311828986,253.18350227461,0,84,49.63138202511633,23
6.806129394448248,36.86925828395431,94.59597207612448,238.24946035822168,1,147,57.42665832985938,1
6.174250632022578,62.975019403328616,107.5080317018568,236.1695891857684,2,143,59.21974090037567,2
7.248955351055264,54.7605195650038,101.15240437512658,245.85800360498428,2,75,64.58723393694675,3
6.190846816233682,60.129216597719214,88.47178315991293,224.6295042671482,2,28,61.339916557539496,4
3.2029393692896617,68.27262555981804,103.52453125686446,241.19966091705675,2,144,53.8326295948084,5
8.938842587135433,79.20075774716136,102.37205934189898,241.29970797748587,2,65,78.66128888136424,6
2.5907466638117964,53.962124903681456,107.75336591955336,252.3209051962621,2,23,37.96697017249248,7
7.717062417909812,34.04307328713135,94.68481464171649,254.0736494749579,3,99,72.81607678613042,8
2.543302513120086,62.552062111935086,106.54356237295738,243.6114217181264,3,98,49.044565134514336,9
4.689677340961669,57.00740167091593,99.48165884551317,250.3740410301045,2,104,59.51854427688176,10
8.227564231122965,30.73858218096453,94.25130836685638,221.0968123989063,3,34,57.27422818870031,11
3.16802141189127,55.83176030773245,88.56485360204772,255.60388140735236,0,47,49.40194549197005,12
3.0812182305632665,31.52686559434505,101.14555965716212,245.47609269818972,2,126,40.30707345043496,13
6.171921895284372,36.075594876909534,106.17848724234464,241.2434137954097,3,116,54.167986843619694,14
6.061550631495206,63.58130669027639,87.63147962992531,226.69438932554516,1,69,61.404068977638566,15
3.5994072272833955,88.64712707942208,98.29781766310658,225.43156188255747,1,107,54.82282026120944,16
4.715907319628086,39.60149618779164,85.58380240820465,250.24854455800707,2,30,58.516388492674864,17
2.9103344775779707,80.12881418293966,94.25992465688266,234.99214271127187,2,87,58.80255317611317,18
5.108893992160262,89.69147838355929,98.63452803045756,223.5280681515948,2,126,67.01068385393759,19
4.726373264316942,53.130714284215344,93.50967760636264,241.65630429390345,0,49,45.902293157286,20
5.725802718042833,40.10021735514781,91.17268566668965,253.54196859611312,2,42,60.61623952263825,21
7.787704816574933,72.5408234572219,89.42927313179663,240.29785464478968,2,21,77.99806930742719,22
8.764921701064852,63.46252957500264,93.68192597576268,243.21870403974785,3,125,88.03004879987195,23
5.10830624441542,67.57405928526383,97.22244579481128,236.07115202617297,0,99,51.82589588555852,1
8.162203335042488,67.40435748956641,99.23443402955706,244.82641919298337,0,85,65.58361845884359,2
3.0358890315608438,81.1534669140932,102.77211791705798,256.2777123533933,2,64,59.40658343405666,3
6.151101502524184,65.94723510241951,93.83651851366956,238.33865698277032,1,149,67.50956452776262,4
7.221020270389084,62.959348764190445,86.44352629672935,247.2302357184194,0,46,68.23204716758018,5
2.241228815975,88.17646361088572,108.72780357723602,240.5160966458879,3,52,52.4519910010382,6
8.044832657601816,65.32389132787918,94.38324769799004,231.4313422210348,0,143,66.93820223654869,7
6.240287121973397,85.12408263638264,94.0567021774648,249.028658528798,0,82,70.24807873232521,8
5.104190854673329,66.12701912128676,99.7851689855622,252.2635736930511,2,48,61.827304671771,9
8.972860647476088,33.56829413203685,85.07919621451754,245.60793246238492,0,96,67.31009541264558,10
3.682676720896387,48.713944800256826,91.40118912762384,221.2316019864179,2,31,42.41651477056583,11
7.138208338125144,75.75578368165051,108.23143495018071,221.2219782837352,2,54,56.5588966412897,12
5.690583265878601,67.95264659794967,101.11175692802584,252.79191219938912,0,35,53.37128304002328,13
3.474934747070422,87.44688114228578,85.22158212783673,259.9128342272791,3,26,81.78072985826212,14
7.799285096143819,47.67716378077159,85.3578819416765,249.5147807424612,0,37,65.46796778387676,15
7.183332923674634,38.57101723805032,103.83569805642423,250.75691128430563,3,127,65.71749109426844,16
8.19096992851384,72.00205636632626,87.61010324370204,235.9640075229489,1,128,81.46533864383946,17
6.811844548953663,31.46990689605914,92.65343352198984,241.9652134510869,1,34,50.61552702401083,18
2.042621237678873,36.05647199865129,106.72360630697862,247.26994576360644,0,119,23.486870395736062,19
7.894521061790055,44.53387306947401,96.95649710488058,225.8078605153864,1,13,49.79743024360365,20
6.667980947099875,42.66674826996817,106.58501917142505,236.05224096878848,2,120,52.03501943573709,21
4.835718861692965,84.36666012794981,93.03739253119704,239.05747945375165,0,145,65.18916332600533,22
6.483332295230908,88.73886691048853,100.08732740108448,234.31256336454197,0,25,58.65282515214786,23
2.860444749257713,83.31954481592392,97.5770987694959,237.9739896815857,1,54,51.18266447559451,1
2.5024306435855914,70.95703327340414,91.04829200788824,248.5581053002636,3,53,63.62269393200205,2
7.627709552867642,63.15005804447335,98.00424730776878,225.71503845357648,2,8,60.204354318982325,3
3.899865663127001,59.80172536907679,92.10685232318792,225.3531345199877,1,127,50.34827723696181,4
2.380324243760327,74.918714047572,92.93966988152792,220.0053877201794,1,93,45.19637638768705,5
2.327963359693222,46.57017346925397,102.6744121863929,222.50758486487464,1,8,20.64394410989759,6
2.026739458610081,44.80943215211413,103.5226014038018,232.65080598917228,2,121,34.2778321993699,7
4.521637431602995,46.22359718307153,106.06779755401388,232.5339167034057,3,82,45.879497110858686,8
8.243105013675143,56.02904517459177,107.7485785963598,235.0927221585277,3,145,69.729174432762,9
6.809134865522699,59.62884242741572,94.69122013639118,245.30847514994403,3,138,78.89363107863657,10
2.9738109422376127,45.25388302492173,106.8877806638154,227.312289466276,3,108,37.9611440792512,11
2.9072045583680937,70.56649388486467,108.59955763408024,230.75872126381543,3,140,50.278933021223466,12
8.996263737509414,36.28848389985433,97.46426998764272,235.4048047961,3,41,66.14290821316487,13
5.331774117081592,36.65865147510888,100.86060363216458,250.8312247305552,0,124,44.19336307987157,14
8.012696797944407,41.16138000033994,98.80173411633444,236.631900027498,1,16,51.6815174466714,15
4.5981313035001925,82.18579060090265,103.26240902396977,245.9085268425169,3,109,70.25136487404971,16
7.278161244498676,32.1563204952932,94.8683588461207,257.2322918926596,3,18,65.78658030374109,17
7.159675853024359,88.47550868011979,86.3049657261243,247.2877552250644,1,65,84.99996075817782,18
8.23150501845322,47.24457578793479,94.19464969390384,222.323678083214,1,54,56.0073495168069,19
5.611033318986297,46.05556060367829,105.88700564355486,220.58773554619816,0,102,32.47647031454956,20
4.361418827383648,31.15965785505606,88.10920997501276,236.54570699674545,0,131,43.05416265311546,21
4.830028230784084,61.85626070472563,99.87829187264204,220.39695284511345,2,122,51.78169153008566,22
5.633225960906842,70.65253604753718,92.79659644792208,250.9596551261105,2,104,74.8154519376474,23
2.9206278684146456,81.42777359137693,99.3838850812889,223.05539779965824,2,134,53.94578644707245,1
5.048553378305335,49.92596192358819,93.54509263730456,249.5610623115184,2,57,59.41703715596986,2
4.602175064344312,30.08121754292809,92.4950131891309,245.8583496655172,2,111,52.28689006334084,3
6.7290606436518186,62.81779508228329,105.74407800719112,244.2458625973392,3,45,64.4384201110418,4
4.78603705068152,48.174943729991554,86.64237147385914,229.129414539748,1,79,51.88935194944973,5
2.418015422796225,70.29853689276179,99.55521899420576,259.60835574350483,2,133,60.65817658289378,6
5.715161487007851,69.05744010708436,101.1147793685586,242.4517417179361,1,17,53.85696701926939,7
3.577668876047361,41.7499850480562,88.52007372231691,244.89654566263988,1,45,46.17741078919616,8
3.933661274826072,88.89919943114687,98.1816295228814,256.25683855657746,2,65,70.21279701931054,9
4.416345459459474,85.04915058791941,92.26261264178552,238.79953072631747,2,26,66.26597957540005,10
3.0311213099527925,30.47049544631501,100.77304475572907,237.90693701641675,1,15,24.71179667424004,11
4.479874353887326,86.94427177889064,109.0577550746946,244.83634360870832,1,86,55.15557097994577,12
7.32598041160147,62.81157845850757,89.50769838556946,238.3439177405536,2,6,70.16993180406504,13
5.118791471193236,42.55112792447567,86.24947571649197,253.74598656207291,3,75,70.2510501850387,14
7.552000117977176,81.22709530228002,91.04942825792614,258.425079020528,3,68,94.24210462220928,15
8.660008672532825,89.68915763795707,102.79307014365122,259.2457492716729,0,76,78.96274318862677,16
3.816792482232633,56.21975313993725,99.83902338446964,222.9232624810806,1,134,41.86948869308608,17
3.330753548486093,77.555706977303,107.69746984449048,257.74806371280886,2,43,54.382322084099016,18
5.650217471050304,88.63847447949021,103.93275517836096,226.46685744947848,3,96,68.7553542622974,19
4.169999560202525,43.92238973406636,96.45586625982084,251.25395362457624,3,88,58.5232001057074,20
7.345053482066008,81.3124191011022,100.07660765426292,253.41631323368503,3,101,86.49071136401132,21
4.6388987934839605,63.119418127243264,105.11882804974238,221.84226936759825,1,104,41.63844571719521,22
7.936294627210388,73.7316865361968,87.38498193283027,237.14808083945732,0,93,74.38534351332548,23
5.366231026221064,69.74604070206408,87.96256558995378,231.5553975563666,3,34,70.21744296895808,1
8.952785107960748,32.69467793973695,104.0251980873848,234.86896265609371,3,148,66.1428021303733,2
7.279854813429159,85.10558592872451,108.7732148625637,243.08490344153284,1,17,61.36021023790308,3
7.512843601011455,45.060082995738014,99.10185072083794,234.3431384609949,3,114,66.59870350352364,4
8.315654824235667,82.64133673231561,109.35930596698144,221.1007674056166,2,41,62.65965874585305,5
2.272509743279672,32.161129097485585,89.38054430264569,254.67081418024,0,68,36.09882256586247,6
6.071356050924355,56.19685138612597,99.50222086673637,240.6679354090507,1,115,57.17938928556654,7
3.977472461809966,51.183023496018144,107.35235756333128,257.85826052601624,3,133,57.48277008245088,8
4.936135957701195,76.82193018041289,96.90839333252748,239.9015940858441,3,109,72.29562717672768,9
6.137912122809615,41.16815386520088,93.28911747667983,254.2012080647974,3,68,68.11479891787766,10
4.066692617427496,82.76979424368758,96.50005988951996,223.8021218213077,2,40,55.7370827809335,11
2.3334888020555464,73.6049534500918,104.34765554426664,234.10410423715436,3,67,48.87554964748635,12
5.609615840995174,57.797619196367805,86.13508203671731,231.60116774595625,0,69,55.09449578287328,13
4.742767742984499,62.8020312334061,98.30054197460628,243.61724359290773,3,54,62.23826468007957,14
4.535233783591098,73.38769643295325,90.01400627682457,228.14313510185443,0,61,52.05263179942811,15
5.062373486257468,82.96406284040532,86.29752358968273,227.6447483798401,3,38,74.55491241910903,16
7.12207315594949,68.43813556815519,95.39859761454638,250.36275757033505,1,50,69.36812124756291,17
8.272285597600533,79.08160494832158,91.32034015223002,230.857543105368,0,126,74.74719926091288,18
4.358753080022195,89.97263512314566,95.14377921537653,228.81953738756425,1,54,58.88984288753643,19
6.134464837962464,69.66085525483922,86.9613954079281,241.7798783641546,1,32,67.97616276957098,20
3.171249128007423,76.83790304553344,99.5943195128528,258.08887142790377,1,17,53.27663656418576,21
6.2108771550987685,47.79359473235584,102.86060410178106,250.36021130087724,1,65,51.89054347388044,22
6.959427882449582,40.32535375771556,109.31049997600256,237.95254582986425,1,104,44.77405969589577,23
3.261370278897036,35.89409953134483,105.08795271087337,224.88121977287395,1,126,27.021842674700487,1
4.4122285911329175,31.851474258484348,86.29738248796028,225.68681786815583,1,6,37.604220851318814,2
6.656023359668838,39.43957680010969,87.9718597794268,250.5887656590512,3,109,75.24750879246729,3
8.629634669759634,59.77552517294169,94.51294274674736,226.52141347726365,3,96,77.05436469189058,4
7.14110752452914,53.06130231144809,85.62983534898073,253.5598931087204,3,78,83.92328556195667,5
6.925898457403356,88.21542658356341,95.94153320370508,229.3989361998381,2,83,75.6721289773315,6
6.94335228074351,62.05743311362055,98.5183641783276,237.1838377430426,0,27,51.972307097221545,7
5.375850528765345,37.10954152610404,109.03783347457713,248.57643054506397,2,80,44.24946781484639,8
2.922005200053655,81.91774553453475,88.93183020449288,232.391514368364,2,2,57.21853188797113,9
8.09989823933598,70.36217965253388,104.91703492978432,230.0187159517,3,119,73.71671975234145,10
6.002221882006241,79.96982260729627,107.65217651203152,220.48627085909547,3,72,59.833749276554826,11
2.362850593838103,62.93151990464136,92.19081822609196,232.27106398088569,2,140,53.45886834581767,12
6.349047143347271,50.04299794012616,103.317476264757,236.1810954229548,1,120,51.40395238500998,13
7.486318897388751,47.14549947556236,95.81917198998156,247.41775532887607,0,123,60.48307404568414,14
2.3960995930270093,52.43526282076881,108.6112145673576,245.66937589194237,1,135,35.782640165314106,15
6.425975075463479,41.93952833756621,95.458346602557,250.03759193453277,3,148,71.70735444318595,16
3.944969432627986,46.579146507951215,95.80047318986266,259.2147496376874,1,62,50.4420468899137,17
5.630906960664165,40.76188092073263,109.2669136352436,224.53214018909856,1,82,32.79783521110684,18
6.931880996192117,55.363718213635934,93.66310419881796,235.90449514211485,2,131,69.47188441574369,19
3.4373305709475988,58.9823818535334,91.71334390169018,231.49846659589,1,22,43.64389711894951,20
3.007593395005616,65.72157967551624,89.30276507056944,257.02088831407525,3,41,67.37620333328803,21
2.6444689025773283,65.9426752290229,100.59121945725666,245.94019280474757,1,53,43.52605433054214,22
2.105774789501325,87.9009221672683,91.27232614227756,247.0410515221019,0,96,56.101238169762205,23
6.2700519195564,48.77444365281889,91.77740634410164,243.9067313081081,0,65,53.99933986631834,1
2.819462289969181,56.94508470065681,100.30645376904612,228.52340034739237,2,48,38.89021198303397,2
2.0467749045672146,76.33806090992057,100.63011923826106,234.94219204190728,0,28,34.473882547623255,3
6.392406002489955,53.13681077193888,108.40667848533047,241.67960299559064,2,129,56.4694433102517,4
3.5433858543131285,73.5435546218462,100.43122552121814,249.5763291932525,1,145,58.17046826046354,5
5.4862827513980825,74.56949849437898,93.17611610379544,255.60228101861009,0,127,68.78846532997306,6
7.650325231538316,81.67917754890544,105.43130778417051,240.50905577047104,2,147,76.89451989570311,7
6.12617792639288,66.79750109324274,100.9422061723984,229.6808831992351,3,39,61.49247806851984,8
3.3948923552676056,82.64820279926892,103.46807876816416,220.5498221604538,2,110,50.67991488933825,9
3.895644296258808,44.85358621679318,86.56315739357115,238.3576206638728,2,62,54.08009926553506,10
6.247122073022055,70.37230011588478,87.02872946340598,258.0596284070715,1,82,78.13978720506879,11
7.635632229469639,79.37902830250604,108.31776270331903,241.7701586445479,1,131,67.97023734329764,12
6.317485254967788,74.57288962007634,103.44793483385064,240.8579609666752,2,73,65.00559973936407,13
3.443521835588979,77.98312583789166,93.34016972572608,254.60773389591245,0,37,54.95192234869869,14
6.66524133268785,77.24322160513998,96.35863557669138,245.20988877824632,2,123,78.24536692510267,15
6.938225811984404,55.65608002220024,96.06363787036864,245.97289298307527,0,79,58.009449490113006,16
2.4480444262603465,79.48459424082046,92.30957776030483,237.7567781802551,0,4,43.61656760795228,17
6.1316286140562495,54.45797147877934,96.73813855109655,221.13245097610672,3,129,62.53195949918094,18
7.35108509652853,54.58026320255956,101.37934286310843,230.4094639194092,1,85,54.64173952262329,19
3.123238299898585,34.22951673858868,89.64116762253107,246.56877539955872,2,109,50.093200412691736,20
7.785416631370337,56.77207325865262,105.14611331544585,220.31857618981803,3,27,56.75224864913656,21
5.605039617968062,62.13322889278035,93.92214937927776,234.15156634945745,3,88,67.87479970757451,22
7.525049938237799,48.46774990084474,107.84471109683147,258.11260068010023,3,110,69.72347095251494,23
4.480974641551384,60.33804920531753,108.52802031334184,255.0527773256925,0,61,41.66264421246848,1
4.7491152028999135,63.20227138498631,97.5783118137885,227.7545227174757,1,5,43.79483194324271,2
6.738585480977862,80.27450249110822,106.4691069837368,249.9342341466296,0,127,63.772651745863534,3
6.273827285107972,39.62192436718459,101.84113543687268,227.17013022957124,1,116,44.27476162338071,4
3.6071871252777807,37.0530780090132,89.13211225357394,220.0796854087628,1,134,40.4842528851348,5
7.526025359366338,47.80720092119104,98.53424025393171,233.8091981467989,1,122,58.587023311589554,6
4.4798992905205095,36.32072906887999,90.55903261870424,240.7689828312082,3,11,52.33625272862281,7
3.7174661991634776,33.46392955350703,94.77582172818497,229.36813483705336,2,126,42.8962665869613,8
8.719039618994188,66.97802915554345,98.9219610793024,236.63100414093287,1,19,65.56912058562133,9
6.752849451266293,54.71188442504976,103.83986576864382,228.1466855109074,1,141,53.04908775325387,10
8.09368876388569,67.88513527310258,98.31260166039957,224.6157856871567,0,64,57.248786989571705,11
8.531890640858158,56.345733915049706,109.5108892567593,240.4913902897394,0,69,51.6467661167648,12
7.353606807214941,70.73386350467044,104.32466803263966,258.05768114902725,0,62,62.86170163883116,13
7.54930679500969,34.142754378875985,96.85637552442384,242.427131797558,0,26,46.16729840292789,14
3.772906684659006,30.59872659950696,103.0860915588728,241.42626397390316,0,93,27.613616665258125,15
7.74971854030486,80.59957006727299,97.1273664994885,233.3451358334746,0,83,66.56067115301343,16
7.744191303736106,54.27411938424105,97.10861065728773,220.53470733037585,1,30,52.2458058634588,17
6.534419630652395,30.93049983759553,92.0220491296561,228.3182543715756,3,22,53.7893080064577,18
5.354820629401763,40.90339759368939,103.5770384907845,253.91711535053395,3,57,55.57817249196266,19
8.87195139764799,57.02871428823572,97.83420525562288,259.56871015831,3,123,88.48408666726706,20
2.2998628858337926,56.783213415791685,86.75008780332665,249.1693897165457,3,59,60.91658314452992,21
6.946439844273175,52.46882399808102,94.2370483507845,221.8127711584358,2,107,60.98452174034747,22
8.505018815834415,52.75359223082694,105.78419265554923,253.69302018999736,0,92,59.500177277515945,23
6.423920762773324,35.72229613638352,87.59196451835692,221.9463065464685,3,136,64.06691047561897,1
4.982496843382679,62.881941399854405,98.0268297627097,234.0081196436292,3,58,60.181185968248776,2
7.309513166414735,30.877695532660542,90.18105749422196,248.52943472333348,2,71,64.40778825863943,3
6.637387628591258,50.81775958407351,94.76887880824091,226.3471549475874,3,131,66.84699829369808,4
5.032141779206165,76.45816097667571,106.31462387345856,241.6658567286704,1,76,53.49212425422108,5
5.317448540812719,72.98382671748594,91.77356745790914,228.09016722098136,2,57,63.542523143976254,6
3.690504395949834,42.89475822218376,95.62127107170215,256.3135405553414,3,139,62.00506228325285,7
3.3154426657072613,34.61830016285244,102.40390362844812,235.31195057745552,1,23,25.91409505610219,8
6.616575380485392,77.77448703248211,91.79865098546122,247.69435689844232,2,61,78.70448903797089,9
4.2715826012273945,46.17071173753636,89.77316462679109,247.78563835574911,0,100,49.74089991120679,10
7.76637177059386,33.78841757564348,104.41976208518068,252.86591731847085,3,23,59.61377185677382,11
8.883139597729272,77.20250044243855,104.34156412239165,249.9135429764829,0,28,66.77787220717117,12
3.520616205171076,57.83940788786551,91.60010874898664,236.6096388933616,3,79,59.33187413268891,13
5.901360187011056,32.33875923966782,101.67118478264145,232.92109383016376,3,110,51.536393797250085,14
8.21682732253825,49.51743710170487,107.5240223922617,259.84630693995115,1,146,66.43229164907044,15
7.914099434286603,44.940524166545394,99.41755997144392,222.69023655869472,3,27,57.84614956773951,16
8.992248284233035,49.598354965554655,103.70459780122115,252.26660212107265,1,109,67.53572381773847,17
5.260780272561873,64.26973791734166,92.6007568112,232.72417787613887,2,149,66.8781246501782,18
7.486167757526655,63.97084147350425,92.81944973025884,246.1736802197088,2,86,76.95956844440092,19
2.100670122504595,75.86120318618563,100.59357712160022,250.4921049800384,3,99,60.09995571330745,20
8.568896207007008,54.88890716333683,95.05837388093332,235.62374430327128,3,61,75.40166197611474,21
6.468255678542786,73.9802171777012,101.90313493970726,225.53741973317577,0,20,47.36211546597209,22
5.986391389205776,82.10464727648292,94.47819145939116,234.85943774637735,3,59,75.71787354441406,23
5.284996591280533,56.583561739825264,97.35369176594706,254.44181198013248,1,14,54.1211002911596,1
2.373435978922284,57.28586055315967,101.86965755418528,247.10126455534737,1,120,42.63679663839051,2
8.591843906606215,40.04142193420686,97.508986155389,247.6353590620329,2,89,68.72408946294492,3
6.540472697381709,46.51729280711161,88.90516421716555,245.43761307306843,3,143,77.28968090136253,4
3.429165914177701,32.54053672634303,99.49315392743064,238.11644281070443,1,142,36.84936332309321,5
2.4242343540043683,71.12372060676034,85.62415555300143,226.8573670684217,2,12,51.82521902585442,6
5.1841070996200775,71.14203257601864,107.75532587169393,245.56128635659684,1,94,53.43657521046249,7
8.171309479145982,65.06998773184742,105.84479877297068,245.70310441294532,1,26,60.757122554420974,8
7.1839530628165695,35.69450647604077,99.8520695142428,248.1056082343292,0,40,45.9142668726148,9
3.615562577485722,84.94033393569899,100.4078623058224,229.85144075242127,1,62,50.31697919517058,10
6.177434939731827,60.0945419950769,109.4046743747021,247.33815109630035,2,88,57.03741892481701,11
8.192083050448314,37.51323357100989,90.01382444613166,228.6490803651112,0,119,56.83369168890111,12
6.332940952890118,86.44639798137005,104.39778832018266,225.1174769804713,3,53,67.02323597805913,13
8.827401934353494,79.0184344363102,106.31368553114926,257.51860925735576,2,11,77.43650506609036,14
7.525865953395099,54.97308353072096,89.2029532099824,238.99803861054997,1,102,69.64963603951162,15
8.596684178015938,34.489272311698386,95.96141788126444,241.19525044354103,0,126,57.721118361258966,16
3.162152765500025,36.86589111674152,85.21765367656359,226.2228574747721,2,110,47.33422461971679,17
6.414066591081646,43.18240742348402,85.51302036823313,253.06473382009955,3,49,74.66562356189527,18
4.475876806065138,48.1487417500756,109.38433192866052,226.80461669237127,3,82,41.68380870999766,19
4.398516025657651,81.87953531148841,88.87313277858607,223.3094734247276,1,31,57.10504042019982,20
4.116936578949755,63.80450186903125,105.09512226208687,225.4859395261097,1,10,34.80559062974076,21
5.538561322729048,38.64472716079197,100.59996213822456,230.94561671443088,1,87,41.19186901935783,22
2.5759062699394333,57.57504343281738,92.6615867010705,252.8952484474142,1,9,45.76421996557635,23
3.3350819131362623,50.8237421099637,98.68093801051609,259.67091523917,0,143,47.86351497982093,1
3.3947216808581984,32.697686495493066,88.15891203286276,242.5022080509219,3,137,57.14594639817704,2
8.582934451105228,30.94939031980925,98.06900353904676,238.83469424892704,0,76,50.28262969771984,3
5.38226604319568,80.29382526490804,94.03509447667966,254.39178699246585,1,144,75.72003096728602,4
4.297631739748375,57.23939467198194,104.0611739668717,225.04008111455977,0,109,35.10449886147187,5
8.660113779641645,40.52949764288144,99.19318294827636,243.1725786664775,1,14,56.199139429068005,6
6.5132167400377305,43.78960354785711,98.81655669441872,234.88693020987589,3,120,62.61737907541351,7
3.296892487683266,46.71858378690219,90.46774500808958,227.3135111947527,1,96,42.29255793093622,8
8.489866473051144,88.19559152071145,99.28151174842743,225.72004490662903,1,32,69.91501736414054,9
7.584125843437498,52.04344372182423,87.17543045756972,242.27139643712752,2,93,75.92816541574022,10
7.571484710004516,40.5073884078212,101.81911536031168,228.8201705374259,1,84,48.70814178084928,11
3.747682669181611,45.794840791080674,85.01633476903248,254.8267613650207,1,20,53.4515532751473,12
4.6357120145250885,43.92334438206936,91.6342527900494,242.1734989736138,0,17,41.23829534260685,13
4.057643707118283,44.225082511040405,108.71257358045489,257.7866292868438,3,8,45.478851194976286,14
8.4716572811233,77.1487587281024,99.74869707004522,220.25740845987184,3,16,71.74522738174875,15
6.306775572976898,75.6254587009483,97.82305411936916,248.1633308528536,0,96,64.17102316485898,16
4.630635110922604,72.48731009403753,96.89219545027396,246.97598607255927,1,149,64.51276809822211,17
2.318167503050572,68.79602663691972,90.6685296101736,246.80130151230267,3,108,65.24425049076505,18
5.508929512380106,33.01458058937893,85.87278881640559,242.04639847665487,3,137,67.99684629330088,19
7.87426276486209,39.64077508271071,85.62429155292624,237.96155071720503,0,32,57.561883077149325,20
2.3473006133718624,73.47589721085774,87.78982499893118,244.3327800003109,3,12,62.29632087232747,21
4.658260660435222,78.08674657337721,94.80233942261432,250.03078596844225,2,95,71.18169662656108,22
7.409399937655554,44.21599949439892,101.93482824722182,242.63126219363983,2,56,57.77866977078941,23
4.711257625827198,33.969911330066424,85.47888713878132,253.0743424389101,1,115,57.96024063035334,1
4.415586218592637,31.806232332679137,109.0373081143528,246.71471626803253,2,103,38.759947946376606,2
3.858474852003506,66.68781667353966,101.96249920731594,232.70198801030352,1,38,41.97806197485809,3
8.630130240301735,83.09130706176026,103.4766743984843,231.09858718899812,2,58,73.78351917316107,4
5.189334095060762,70.68682985725252,98.57553577166912,233.87543905457545,3,83,65.4976148284366,5
4.183156050346076,50.398311827594895,86.9734850736639,237.7119254617495,0,48,46.11886365696792,6
7.842002531789394,86.12907081164974,89.64332680012964,234.90035726213864,3,137,94.43057241238782,7
3.6799255470897023,72.60795843387223,91.8237498682872,233.65701078417197,0,25,46.28204274631354,8
8.392628762950194,41.36360507309077,85.12566381524508,222.4038564151268,0,26,54.66606429657466,9
6.532615253903542,46.382437159668406,89.42981252527977,231.77066946548456,2,27,58.92166045782894,10
2.3892386517632245,30.41267773317896,90.31118192988684,246.5409437565381,1,95,38.87735640403072,11
4.497380981362909,75.44786672704306,92.37680873160774,231.9542854103612,3,129,71.8210825285654,12
5.080406325565791,73.78271438984532,108.50552013928213,244.15187967716383,3,116,64.43041115856158,13
2.839237654308985,74.09555084369364,98.28637285473263,231.5178137070397,2,110,52.993294178740825,14
6.172573686668142,56.03063537131465,89.11013822697197,224.66332298222787,0,70,51.85585893195482,15
8.316891233002725,50.637461193461135,103.32500268056558,246.34645419759067,1,149,65.82458467550262,16
7.746867121093986,63.99631553432778,101.42576245585268,255.9354586633614,1,138,73.32974902568918,17
4.287562941004442,30.64866501811178,105.6637768547866,252.0392280161346,0,122,33.69114062216775,18
6.038001667928902,57.83890189001325,87.96772738772779,259.22272908242894,0,73,66.10627205054848,19
8.269885742395607,77.0100048507154,102.4926301524869,244.67776109538008,2,108,78.9184972058906,20
2.7228550621253387,40.35143261678172,99.19935743290202,231.85430454053156,0,125,28.830258779621545,21
7.731181606388356,89.01403239081978,91.49177097376035,258.78894531191906,0,31,80.57049142699114,22
2.3693568050172185,71.52067535679927,96.4482248608507,229.06086504144423,2,129,51.72248363631547,23
3.770006827750778,64.65790526066536,93.98021867456724,252.94208906447275,0,22,48.66231253230404,1
5.341452786856809,51.04914656010094,94.06399491397735,252.2285810267287,0,90,53.9255116308888,2
3.0922506793798386,80.07545715571632,93.95836641679185,256.51569778946305,2,110,69.4058750260296,3
3.278706689677677,38.375932041588,99.41181093894384,250.47534447449772,0,60,32.868948637966625,4
2.830506360191062,86.0249653800882,102.09666129588358,241.26288610746928,1,47,49.33263513421161,5
5.329173342754058,54.46488630016394,89.03047029937807,246.25638414002628,1,132,64.88335619273596,6
5.935321677451675,72.88519658663675,86.71126131415042,236.70667983267975,2,143,79.16382546230231,7
6.289570848755573,86.30892949284927,101.54444331179096,223.0721219325769,2,148,69.62908676339941,8
5.854643656085961,54.19246536799513,105.8411002618793,252.5868401883996,0,125,50.480613481036585,9
4.614205615928936,45.32018242579465,87.64685795532823,234.19590733946217,0,58,44.65979325276466,10
5.764480543189635,46.685970903981385,90.423906146597,231.5202138369617,3,144,67.66693119048324,11
2.2934065170138025,55.15097255412728,89.20509139416295,255.17320862713896,2,3,51.76290851888752,12
3.619664454637936,60.14563722998258,103.2871589925779,258.32472035677733,0,8,39.77747754352737,13
2.3515010218331867,57.87679012853825,94.49041911129176,232.66347039634604,3,30,47.27822828053429,14
7.266785176126516,61.87764110105592,101.93595178070736,237.13831615395185,3,98,70.2657273943863,15
7.771300623231843,38.78617539616897,105.8232428893557,241.6118612716123,1,108,52.040905608576935,16
4.653283397681245,84.90364395103335,91.27923168871004,253.7684930114457,3,122,85.02086573607909,17
5.598668097858818,48.50809688936904,99.3260550154754,233.0084478510485,2,67,51.01856091220442,18
7.799416937266687,72.7707597516573,102.41737778591872,232.97383230780224,0,41,56.3404121334053,19
3.4762035937655167,81.43149942357532,105.51067050647548,237.6229411204923,0,112,45.42311143858425,20
6.335404178958379,57.26418926879717,104.50473171207489,259.9049128900554,3,87,70.10093945021703,21
5.217555737617007,55.85903411524932,92.61231331872376,227.9238206688116,1,83,51.97903756696638,22
8.209835220565889,55.190921861179056,97.42238796250122,256.67768192803663,0,112,68.39268397854832,23
5.095765935636914,77.83266435472576,103.10581369029872,247.61622887644288,1,119,62.00261331981628,1
7.634746112794781,33.143477735691675,88.99062253580418,233.4249309191165,1,99,58.90054536787449,2
3.644959942742841,79.80905897987509,108.70628844475198,232.1840942309676,0,126,41.80760748179997,3
8.078866667628539,85.5878278773711,95.49068457017026,222.02489889076296,2,16,72.64733676187922,4
6.017649062483073,53.57370653359074,85.71631068944136,243.33009569250223,1,108,67.41661103753505,5
4.195945584364456,44.87240152370542,102.44290768883232,234.56451100042,3,130,50.78206147053085,6
2.4331999117633267,62.122076470899074,99.15179116120412,250.0581177783737,2,111,52.59113081788238,7
5.592281586297451,41.66685866590132,87.32990298906736,236.41983176242215,2,17,55.68353147648334,8
3.55247384734623,49.0532747921701,91.4847100185799,223.50365189623787,1,36,38.11842528873238,9
5.150410475983577,50.24725673785374,106.767211386436,223.34099658720075,3,14,41.71055410127731,10
7.26727836310546,33.077630938872936,97.31338451785724,237.6842813871888,2,143,60.17062759136857,11
4.762006207232466,61.79643521581397,89.03418395970958,242.87983513134373,3,27,67.23827513930976,12
8.375618696788692,62.84489042278355,103.34763442504672,233.8623503926619,1,16,57.596391662465045,13
3.1990647047516925,79.64139328956873,99.62096579222204,233.50129863535275,1,141,53.58897695978339,14
3.725639339465881,88.56196191601222,93.62044019365425,233.4924381660491,2,73,64.82639345815628,15
3.609956277742684,54.67823832397387,91.01328962950372,246.8953537316681,0,148,52.32420453299224,16
6.71164491637852,79.46102683496096,94.92480405518684,226.25267882835445,1,75,65.20643642505368,17
4.523321535990878,70.27624951374796,91.76609854954414,223.2491853922669,1,137,57.53490480077304,18
3.093410555514195,89.30525963780886,109.43199831416118,251.7527241563216,3,85,62.42490966096333,19
8.062710817644842,47.36637129716928,96.69203031212191,244.77559877466007,3,138,77.35625969262222,20
4.992405178631875,49.81708005012506,99.1057954171134,254.02298112060464,1,107,54.6890252301295,21
3.9525665325143375,37.75046671458662,87.48866282021937,244.12768662458672,2,50,51.98778897465992,22
3.775088818974584,58.25700352635087,97.3058078795602,227.80035921754464,2,106,49.52843004880169,23
7.540244786226633,66.1481898422073,97.79096456297536,222.4402857202158,2,40,62.15465415563925,1
2.652900127447189,87.82938965270841,88.37700365564402,226.07101639404408,2,113,64.00208398189159,2
8.607497984335204,75.94974235409458,85.13512309181675,220.05385083826252,3,28,84.2423367427282,3
7.380069316392414,43.57634580019117,102.30885765386036,229.33331290597303,0,105,45.367156894127326,4
6.565647471927085,45.06480621991007,101.2606312205966,228.4933589714757,0,107,43.15390115676184,5
2.794085719727417,89.81455311536132,89.58631002875573,243.7656745102583,3,73,73.43570156286033,6
5.257358537576403,30.820944885640863,87.03996800012096,230.34366364539136,3,39,54.1490678541266,7
6.419627282337757,55.58390140809735,98.70363006820055,226.9858874358532,2,130,59.92468910203927,8
6.646771323969076,87.91816341782399,86.26041934005524,255.61537283421063,3,84,96.99473167712654,9
5.947436967289367,60.01671211246562,86.73485214760458,223.59507406944644,1,142,63.85148810748814,10
7.601444433785054,81.78054276403361,88.76718717502085,254.0637727721688,0,22,76.80824829840131,11
5.678292151491252,71.8699671303102,107.50660278005176,251.68764779206705,0,148,56.95418122295644,12
8.621472508224606,47.74944584979217,85.02780235490468,230.87818237592796,2,149,79.76375159875857,13
6.435981198358704,65.60768296228343,85.40608608023635,249.1511221780259,3,81,84.85468451315461,14
6.655391923046418,63.3947057101292,93.56827313569768,225.38305068416432,3,145,73.69683254742291,15
7.820628331785565,85.10385252489348,101.24470116910749,224.13736459441927,3,87,77.26123933302692,16
7.102574400736101,76.78925304060408,87.95546555727722,220.0012287538153,2,99,75.59978644026538,17
4.496173231903439,45.268879897095616,85.32243674473814,241.61197627046,3,141,69.30646027567465,18
8.703421523908116,63.94469703679735,97.86153319349737,223.40225541956968,0,95,60.19252571438395,19
4.659853552757762,66.42811685301461,94.71815869691366,229.6119649380147,2,129,61.00771428527583,20
4.20442911212227,35.798690057265134,89.4224237705996,259.49344634318186,3,54,61.7357775570742,21
8.115329701160508,89.73413402944126,99.56786123361704,252.49895284176688,1,111,84.03059670315261,22
4.228128662846432,59.3421465184572,106.48890992294842,243.69205484248383,3,131,57.20174318436695,23
7.169541149573631,69.99702509276234,87.9890499438014,242.9057141246234,3,73,84.8856729856592,1
7.628669687435149,55.55626250801637,109.86710412991218,223.70001751755856,2,141,55.66513606583599,2
6.715912134795095,76.04992983544233,92.6882448872614,239.68217957529603,0,86,66.36207753529256,3
3.627789321345985,43.56199180731912,98.7762738323733,240.94254318119425,2,26,41.19283782872448,4
4.08652955367376,46.67070979239393,104.28780154996218,246.0760346224984,3,39,47.83667033937598,5
8.828311198198152,58.44985777631919,86.66734703513622,221.92369241648143,1,11,66.23913861762522,6
2.2910527189261565,59.88779661288255,102.23276030256726,230.09247708278747,1,113,36.232421381423705,7
6.295465320925687,83.8761176066242,105.24811050757248,243.3252087639833,1,120,66.40598430621071,8
2.5224690175560016,84.46412599065076,109.91414140722456,248.01727196626013,1,110,47.841035956721925,9
4.361119855272404,86.49461116403603,98.2428491527092,249.29553786390215,3,121,77.11672045583556,10
8.826259831828558,79.99226139580045,92.57543767455076,258.6619006620833,3,75,98.52337080282274,11
8.51449733446372,70.5663015488611,92.680974046193,234.80098096571265,0,23,65.76082189443875,12
4.2258778593823445,64.78386996805153,93.64062483941004,252.63077618540427,0,97,55.823463558230095,13
5.541521580236909,39.71538039793282,101.45255545141232,259.90997556040804,3,93,62.23022126941526,14
8.108585505232387,57.12519580868196,109.64513302125516,220.0074611268265,2,47,50.90184192445496,15
6.31499724160309,57.446583352193294,94.92369932335733,238.2153254192243,0,7,49.28737595809324,16
6.541357703115701,87.27395573152864,88.78580785924908,239.09664757921416,2,125,85.79303969439123,17
2.778461231367531,82.09015771959025,92.4340382827118,226.5015194987483,3,4,56.798000655837,18
7.140559735445529,42.5298561296754,86.46413263211335,242.09464551268937,1,35,61.69926297703247,19
2.8153449477133594,45.25567388669187,92.38669811566898,241.19881364085683,2,27,43.691062899107855,20
6.149396586091293,38.901620237371006,89.30215081131566,255.15076999171657,2,47,64.36528808951799,21
8.089564830283823,52.292790679192464,100.3600001857831,240.94653664218444,1,39,58.55374886212022,22
5.517436137788525,42.04625848540071,92.87525930941828,251.65639002027905,3,36,63.06493948379494,23
7.484286920344874,46.62415498280398,108.5220042389801,224.9738336572348,1,90,44.47840227459199,1
8.79658174723233,40.62921139335754,103.05165160509463,221.61142075111997,1,19,45.98667373296513,2
5.613983094383718,64.83871355457805,108.39843120621398,246.8900274917678,0,12,42.169644968112806,3
8.653729746680863,31.32396892093745,109.56303180640096,223.4452855625472,2,29,42.6425283198573,4
3.9623432678598873,37.93077946523231,95.99639099284587,245.75826317790452,0,18,33.77676991782668,5
6.1962279776110165,84.14419656664049,94.58038414868128,228.6533111052331,0,108,63.32460043804575,6
2.338538977341466,79.22925506881649,105.65852027375468,243.52001853718517,0,98,40.78959500924432,7
7.598483551120483,63.281221487302034,105.6483077137504,245.25835170332084,0,85,56.48057893749434,8
4.898987477509664,87.47675159556826,98.52784562197112,244.20358074162152,3,119,77.56027815848793,9
5.348348371693891,31.26126640357303,105.490238826645,252.99415069948412,0,42,33.65620756926266,10
3.9835484822378273,80.23423309330909,98.57495331513174,234.9523243546801,2,123,62.379011503178646,11
3.143567308788941,41.067543063593,90.05734872895509,235.46828228175912,1,140,45.60053923427862,12
4.784554086503688,60.70244682688205,97.08235712415814,235.3113640161216,2,122,58.935698545792896,13
3.017286846943529,60.34180462688244,86.55103542391386,222.8462271551164,2,16,47.8953928778537,14
5.962128974214746,82.68201077066742,98.94684189150183,258.391640816194,0,71,66.90411569395067,15
2.686053793465188,32.643951694222885,89.63192125833851,241.65080443766712,0,1,28.5220584068028,16
4.312740315659315,65.35287686087133,96.35695991974556,238.062623464223,1,12,48.13002543195206,17
8.888220599953911,77.78906335977484,103.9189522561732,247.22232647116405,3,121,87.57293245002803,18
2.413740746129582,71.44357890679578,103.2196555564144,221.8789196439256,1,141,39.57020292544179,19
2.637984476112743,47.15403202627215,101.80974531996762,226.79490377617904,3,56,37.71535852104677,20
4.8755216699972825,59.37864456192196,95.38607501480224,220.9602017937956,0,68,41.14931519495404,21
3.2395757877810287,35.905451346082124,108.91801084723376,243.97438900168663,3,24,34.22905958729841,22
4.207546202862822,53.58882776964092,90.92309984741809,223.87862683861695,1,82,46.47226238854748,23
7.5825983170754,70.65274831102656,98.67322189963691,239.0035949146707,2,76,72.11850372844762,1
2.5091446344506787,46.83604879427496,93.74844633926784,251.29703248851152,2,53,47.46803220941882,2
6.811068938077623,87.69694842276994,103.2560833589467,239.5948190687098,0,51,60.802452517238486,3
7.177780284341757,66.73654594163234,85.41689533724598,227.79093990748905,3,92,81.218800604085,4
7.120934836927938,52.32721291450192,98.04710820394858,222.7189319927761,1,37,49.29844856867534,5
6.844353871278214,38.39924260330577,95.39546420046028,241.94353660218755,0,126,52.57365587468852,6
5.637281730621052,89.79157852791715,88.38043284282136,247.01824181345705,3,46,85.99566906651167,7
2.077549868160168,73.8104071986406,99.29473289839952,237.36208704323823,0,65,37.99502256642428,8
4.480640280902947,48.16979333872453,103.2719905830552,248.02902085137052,3,77,54.22868640020575,9
6.156464423604166,64.53560571840492,89.036445851606,238.86959350073755,2,91,72.11686222246405,10
5.992008571119733,42.60643157474111,103.55678480630718,221.0079637928428,1,135,41.89384656202081,11
7.461488539749435,63.83357526332414,91.5290608127715,247.7981247737219,0,57,66.50475062238257,12
7.57370526619471,74.1015111713894,100.25269805090586,239.52710701243257,2,148,77.25011129404139,13
3.8293311251976863,55.14596837502512,99.98248217515972,240.5483142086122,0,58,37.90377611425711,14
2.045250504527974,59.77435331404884,92.14064971405608,249.3843320284214,0,75,42.90651602062483,15
6.093794679140536,86.48845425036393,89.36023167778748,238.86597963002384,3,19,80.93491396252097,16
6.379773385829468,63.031900835773534,95.1841381053208,240.85508085894963,1,1,57.27376088726235,17
3.374060116177469,31.353870702320837,106.54162211747752,243.08468329551627,0,144,27.47640040380228,18
6.178616563892208,78.60966539758215,95.7418340838787,249.9943972515308,2,73,75.68348232027549,19
6.004860746055444,40.84710903374277,91.71994037575496,227.94578307589623,2,146,59.02036736191613,20
4.144908145457254,63.30802720519131,99.69979073659582,237.05998988967443,3,105,59.70847176871207,21
2.5710244792795613,35.2672942234896,89.29573650894146,240.7230999216138,3,18,45.17652695824698,22
3.9829908244480414,54.01877017037964,105.29665310025948,220.5544854365144,2,9,33.07696256758748,23
4.161615927447308,47.61208754751962,91.64994232731644,233.31123475843185,0,52,39.74086391118041,1
6.949107059908136,69.75407506432711,105.192945499537,255.436559819897,0,13,55.775676971145806,2
2.132617823620482,74.15507721311933,90.20998934045828,225.3171217083193,2,110,54.12557344161679,3
2.399820143593103,38.25778406390168,85.02323542174902,256.1289450937883,1,141,53.08402433384372,4
3.466190386566577,54.97576684127444,93.91428314877048,256.46903507651103,0,52,46.70137090382494,5
5.585502953739361,70.82876775146244,108.29244934202922,244.81485008494883,3,85,63.71670376832,6
8.54180716500861,48.20313261774799,104.54727282492225,250.6343457553897,0,31,53.537683077193805,7
8.759472826867603,53.61332016637893,88.26793308974393,246.8683543697624,0,122,74.40267241086099,8
6.025424014211703,42.40907358800378,97.61139854173388,232.4875894627652,1,75,47.01599174724919,9
6.516530030912647,74.71288456145007,90.80561727253358,236.21301442587813,2,126,77.82231243428821,10
3.390421297033084,77.0032331997503,107.7313173609248,234.80928742738308,0,35,35.24539114561418,11
7.922869473711621,40.96880331235356,108.90729703783404,235.0670576171785,2,49,49.74503667222897,12
2.4370192909444626,59.17041924629298,87.72534039102322,229.94159283709703,3,80,55.90843950538163,13
7.661784264441788,82.5293190237538,92.56165793653676,254.3479248497829,2,10,83.64981810075382,14
7.352556652694115,38.801706840910896,102.25807117251824,257.8009625832228,0,126,55.3758103926197,15
4.3213179437548375,60.03475904584988,101.14312608377634,240.4228163491401,2,126,55.60704367291228,16
4.184448312564145,78.14376183321795,106.53545115238794,225.4920013086228,1,21,40.65296167222463,17
6.778568235309393,44.1373710714989,108.58935360087943,254.8500650959461,3,59,59.500774294726746,18
7.6227143326536435,89.19378684686463,99.94599967114212,223.27862938574648,1,35,65.36744460887903,19
8.111302029106422,40.1315078022237,86.34086978802077,248.6985996244765,2,87,75.90203502347804,20
3.17795011955399,80.18653154819219,98.7227407910018,227.5678316956142,3,127,61.28582338669868,21
5.340400555925729,77.58378170223935,109.53103993638656,257.29955694359205,2,99,65.10507999654303,22
7.871977033328482,70.26077883197459,102.42560415010747,234.51931361615488,0,124,61.71186632308356,23
7.077601201644002,36.75542799175167,95.19445086015406,255.45521447840565,2,79,64.98272107822112,1
8.729916337494346,70.74975409917377,100.78439944108442,230.8223702595197,2,47,70.38576542503623,2
8.044392258583807,37.93727685906229,109.43974900862608,243.30514584161463,3,116,61.132700759387376,3
5.809801359106755,88.54672911293596,94.22840484523012,234.2876933597218,0,93,64.89735170789243,4
5.643806861134009,56.43989300545761,106.99786566817536,240.2208316689396,0,38,39.15078987939849,5
2.441909364455765,53.80530338733176,96.85015664871112,238.05066456292457,0,56,32.834980913088366,6
5.710437185362127,58.0788277486826,95.26773113479166,252.70493513217943,0,16,52.718217646903696,7
7.972697284379823,70.41279468788345,88.43404364921686,231.0747987796805,2,130,82.50841981887167,8
8.515768524930799,69.64791178145462,103.65907210783104,232.46286958328915,0,69,58.79100389944478,9
3.81722298595935,30.09862542674698,94.41037406301734,242.83045923836292,0,66,33.26231540303783,10
2.001589267527789,84.90009226485164,106.09698528077324,249.69168925947787,2,110,54.4719781712548,11
8.133347347886893,73.36707603729127,90.79603229286816,248.22250846598763,3,4,85.56867087074221,12
3.695222552432294,34.38021557397764,103.60071450869192,248.4400384779925,1,105,36.87477215520843,13
7.245653117069092,85.07045298561317,87.70072393728948,229.305465535471,1,106,78.8230296717002,14
3.921546714549548,67.479838457023,87.02910561159287,238.08809916414157,0,39,51.61155225958405,15
7.705504704730647,82.64712759619013,104.32958753146896,246.86350971755704,1,98,72.53194563759547,16
5.225135201691717,89.33043247821979,97.08080189688587,259.4758378155319,3,70,83.34848586982423,17
3.740234192293144,62.30369875721746,109.80339098696456,254.30122431007692,2,29,45.87160068061366,18
6.944603977669972,50.73477515224879,85.1745565470087,236.13923876108,2,128,74.27655218220157,19
8.328947468047335,34.11891996887233,109.79722989868728,258.05587447916423,0,24,44.87344624177928,20
5.7630923798479605,41.09521784802866,95.703879325753,222.4570051703933,3,99,54.70881968575068,21
4.542909574792297,56.318850014763285,109.43740645522232,252.31462582735924,2,42,47.23243091920021,22
2.7476049280165453,87.20417276292571,86.50567362250743,231.9060111027312,0,38,52.83264170347488,23
4.242809002981504,39.85721059634456,104.57903577309244,224.8999144786396,3,119,42.82678231036592,1
2.866922186940722,34.2321382555774,107.7357375921469,227.60515065274825,3,85,30.808779828728166,2
5.812416097749951,34.67139117652618,108.88620478595168,229.8784466796757,0,16,23.947459466217012,3
3.1816700404919493,81.23657292851118,85.33072032263235,240.4712182627792,0,100,60.49166948418624,4
8.543568622449484,84.55212817238922,105.49062173869112,255.52765398645212,3,71,87.43762511724567,5
5.525958709588496,82.70495178269769,108.81291974211496,250.1814766360984,3,71,69.07269946682445,6
6.145549795320084,72.05612190107996,89.85683927504503,237.88804128865752,3,70,77.77923683527041,7
6.5830774394891005,54.67224403271125,101.58406335036705,224.7288964828984,1,146,53.16128096937625,8
3.543561509956536,41.15769045344506,108.7704664979108,228.39590518344923,2,44,28.32972588183305,9
8.787311572330365,74.08251421590154,102.4899133255882,254.1170553541833,2,69,80.85815752110393,10
2.9883934447602947,75.81095062009274,87.7170634843673,259.2503030956511,2,78,71.06908087119618,11
5.347112464890909,76.0781986837099,100.71416001618208,245.3305280643764,0,71,55.20497050274994,12
8.212282581490177,67.52600700999561,105.20670528040696,222.76147747645496,0,61,51.19676095656303,13
4.195921873300094,68.1387193171568,93.898944336766,225.94027126574724,1,149,55.34400638010577,14
4.674864461219812,37.9361229059089,89.91720493282058,229.49933220677536,1,51,42.79890834254553,15
6.499565493544164,66.05672907226314,102.40199653917598,234.5000793812605,2,28,57.690088431930825,16
3.428613628090322,58.14244485108924,105.02346803853575,227.2063459093048,3,114,47.132253807787336,17
8.185787773815928,50.57577976555176,102.0967531227258,221.01394417055755,2,74,56.71992049873137,18
7.077009590481887,51.62364240324668,87.17678013943271,228.08597596901083,3,110,74.39261374215567,19
4.085840648470906,35.385570033609426,107.77065661715788,220.24188172735916,0,62,17.19081826624594,20
7.686283261729431,50.570337888327046,87.78719219596955,242.81637965614567,1,85,69.93381480849376,21
5.826740854281182,83.06872365580554,98.84983138757828,241.38236876625237,1,42,63.25080931412033,22
3.163605534361611,84.98934906693086,93.19595497125086,234.88329019851585,0,132,55.72357948688038,23
8.664437126473018,74.27566613992802,99.9357310643355,255.2358064217901,0,79,73.54157684750965,1
5.494392627889322,42.99475113763445,106.8156471371474,223.48437157845737,1,92,35.37790301145789,2
6.369685158982627,79.76310900854247,89.75842437737619,256.68882367299454,2,17,80.54675357229026,3
4.094624030107424,55.851496522936245,92.8047970946597,249.00444639733263,0,55,48.04791340352722,4
7.830561746230627,89.14609497514448,104.78210731241708,244.05536282754247,1,46,70.89406988626482,5
5.8121681409752455,32.464090367424326,103.62062688824784,237.8382218036841,0,10,29.82406611353255,6
2.4375485905728755,53.2479878293054,99.58553797546088,238.56815795808507,1,144,41.45649869476944,7
5.36205981153949,69.7022307288808,90.47815161677002,224.51372748734485,1,26,54.99488374844598,8
2.188073578314547,52.82891312958215,87.65313963727489,241.2542732701078,1,2,41.299250858477805,9
4.989735317522403,58.506020441503225,107.44888040462548,241.0019736098154,0,78,39.807295658083696,10
3.76521014246871,56.80358812215843,88.08624664525888,228.23920143507848,3,66,58.75405126437922,11
2.154600917108258,51.47767167196588,93.34152226584231,235.50780619356027,3,124,52.020481398932425,12
7.167177893757906,81.41786488657434,108.46786588435089,239.69449214078503,3,66,71.58030033082497,13
7.988857864051107,55.097466665609154,92.7353198717611,257.4689822341396,1,134,77.91975725414012,14
5.480777206136146,40.70496579380975,87.70387536433392,253.6842744993405,1,117,62.64652165759927,15
4.755448641942095,58.40613956250128,106.36368483005452,233.60017544239568,2,53,45.187408352886905,16
2.616941016836841,76.60790623251785,106.1886908263684,227.27270611349357,3,131,51.57363932431521,17
3.158498422645589,72.39624773965306,98.38369420154142,245.41293386833289,0,17,42.58632463749014,18
5.626540156382927,74.88096460196414,105.91327226902258,248.17341263828723,1,125,61.41046213088487,19
5.04777426379826,87.18720686364827,102.9811300143958,257.206608114502,3,119,79.39079992660093,20
3.812329923551977,33.16960118188332,103.15212128709626,224.85211992022136,1,115,29.052310009984904,21
5.375918000570804,33.43861860062921,89.36474628117966,248.2970510064773,0,121,51.08724152186039,22
8.788732052436494,73.65786826198132,108.06509392734895,250.4884823325671,1,6,65.66645011433926,23
3.344163583954412,70.00113911355078,100.58448914899768,244.09876681829064,0,2,39.13062194239735,1
5.70059622792493,50.06655162708624,97.98281731605758,227.90223622713916,3,112,59.26451269662864,2
3.3004386828909547,35.097977393367984,95.90615065892894,246.33229758024248,1,86,39.58049028697901,3
5.907198287233085,50.82014012473199,108.32169225316582,256.90580558414285,2,137,59.73585052687246,4
4.295187958127809,74.22794483739835,85.91782358707667,238.99076024174605,3,74,74.5854397237905,5
8.443751195717883,30.72018163636095,98.82037189295872,249.62654324266504,3,51,66.36980843652611,6
2.597821211139052,88.34768340167413,97.95026078440245,244.56744977276043,1,39,53.326210692842416,7
5.384486595747626,55.74896951749931,86.87239605004959,224.2464141418987,3,48,63.5281683153345,8
2.799659970139771,45.32120101373409,105.69941158755628,235.1197615450461,1,26,25.654662556145013,9
5.263772970694848,77.51613737782584,95.0576760345593,236.9981407624972,2,31,64.18081764488485,10
2.3160595508860435,56.27399322857474,106.09983679855064,230.4963350595721,0,84,24.9582943194406,11
5.143549598944131,64.65678483822802,99.27267634380362,233.2970676869746,3,72,61.28094174754719,12
2.746365332556185,52.007899238776105,87.48736672182412,250.66383778848208,2,13,52.7443790441428,13
6.90605988070716,47.11234816082485,100.76926050431553,238.2259819775951,2,23,53.90878415580584,14
3.856459758977804,40.18555208356959,87.3910174005929,236.7654469776822,0,136,45.64113150754871,15
3.2033879040897304,62.83948106036917,89.11498184248937,222.55519069723613,2,29,48.44003821110567,16
3.542233690353773,60.9183112796626,87.55917711458024,250.07083150731916,1,108,60.92142278209893,17
8.745796320809344,52.619170037210495,100.0803265524876,223.1886029274914,0,135,56.4666746986017,18
8.527966960941725,64.53991517984518,88.15288305938526,243.26886109893903,3,73,88.43881571737492,19
4.84491575601813,82.79026487648807,101.21707383393412,255.9699567315681,0,110,62.03684783628134,20
4.167841977736324,42.10769689514741,107.72066244292157,250.4160026914993,3,99,49.165096094442085,21
4.106764237421352,41.04268632301281,103.9112771997228,238.9663178351632,2,108,42.81345631861194,22
6.316353847156925,32.42003112830712,93.15425635320634,238.7422797836454,0,123,48.2119554847215,23
3.4247441172082747,76.14366798958346,95.63764148179608,242.6166375901015,0,106,52.37036712311788,1
2.241019160013202,56.749532989620974,105.4163810800406,255.40955514830264,3,9,44.724056319455855,2
5.76854171470716,84.79378117675623,94.69931885994716,253.18263325713477,0,110,70.99900093681359,3
3.3085200060901285,56.71644148588227,97.20293858584336,252.5225118885648,2,42,51.973384591898125,4
5.000509954459723,67.71013021417224,90.3788905406014,245.0987159506429,0,51,57.08078868117104,5
3.4336168633934667,77.87988211315343,103.4636513349241,222.5517822501439,2,51,45.68002042803157,6
3.4244159618871874,87.27323054505,107.96304006926296,221.8797000401247,3,25,48.96960802339995,7
4.836039875748846,44.3408720799566,100.72182242470438,245.61522986576963,0,146,44.89140657023422,8
7.186084878696525,62.55439961795734,101.3396692511105,230.95955126172072,1,4,52.09517421462896,9
5.424590783249434,38.00066803898223,91.06360691457428,231.66773802886345,3,76,57.60161222123789,10
3.612706475701226,47.35463416918009,94.2338532522358,246.54970954501547,0,112,44.178421896327215,11
8.677616487456433,81.93427320568587,99.43040182522375,246.96151469699828,1,49,77.0905500950444,12
4.372613427439141,77.73961383968651,86.93707434480964,231.2925533684288,3,130,76.41156373096926,13
8.537845819011634,37.86351784825742,104.93485894769448,240.31794767625632,2,48,56.16714821488338,14
4.945155937980317,60.1167243079105,107.74825395399296,248.69047503463025,3,111,60.13105698014652,15
7.021539271254568,56.61380072991017,108.47192437855682,231.79783296169367,1,113,50.78994741967658,16
2.582561463456506,81.7775773987811,97.0139985209067,222.7501562568995,2,56,49.224125682012925,17
7.088138342978401,82.44082027852295,90.51781464861048,226.33792148759625,3,16,77.68578447253793,18
5.588306708722399,47.45261125389495,96.73517104973143,254.3143113406996,1,45,54.13010859186274,19
3.348734775406902,37.74427481585289,92.44648495975528,251.2019234816017,0,44,37.68393973900281,20
3.59237122585478,39.97109997658495,93.31823691275947,257.59697491542835,0,55,42.09001583079465,21
8.916868531682447,59.11382734592137,89.47909795725377,255.6456036717404,1,10,77.22497335053926,22
6.967699404531671,89.0226949925491,86.25438375799935,223.8677823915027,3,113,88.86317460911188,23
3.972775023068304,41.05808381700594,85.98404699549323,220.87386847944808,0,58,36.46941477268175,1
2.94103399158685,58.06323695826905,100.14742037948707,237.13407202275383,2,147,49.8333589253083,2
7.484510518115362,30.63079347249921,104.04724735943712,255.7321797515249,0,43,44.79631187711743,3
5.748797311684587,58.61900355705923,94.73021546558596,255.4969814148144,0,71,58.25138799979525,4
4.350714552490741,66.90418524088187,108.1726890536466,258.48233995765406,2,116,59.0772943641498,5
5.169773636990287,46.72165895571155,108.97179682976024,225.71257217891468,1,57,32.31687916002775,6
3.953058032434576,54.298115242571306,109.96982339539136,222.19865227359287,0,40,22.00976594778952,7
3.081645809933633,56.37377650637392,97.76150328366104,230.35169633458096,3,109,51.56404860924375,8
8.08776926340564,58.33358554537226,102.8220592336184,235.71637342419567,0,87,55.33209299139367,9
7.559276417220285,67.5129675018863,108.44099449894756,247.18819114307337,1,42,58.69864956479594,10
8.725224119399488,62.25240861842078,85.35491586179309,230.3052799505412,2,62,79.97477329950114,11
